country,region,c1_security_apparatus_variability,c1_security_apparatus_growth,c2_factionalized_elites_variability,c2_factionalized_elites_growth,c3_group_grievance_variability,c3_group_grievance_growth,e1_economy_variability,e1_economy_growth,e2_economic_inequality_variability,e2_economic_inequality_growth,e3_human_flight_and_brain_drain_variability,e3_human_flight_and_brain_drain_growth,p1_state_legitimacy_variability,p1_state_legitimacy_growth,p2_public_services_variability,p2_public_services_growth,p3_human_rights_variability,p3_human_rights_growth,s1_demographic_pressures_variability,s1_demographic_pressures_growth,s2_refugees_and_idps_variability,s2_refugees_and_idps_growth,x1_external_intervention_variability,x1_external_intervention_growth
Afghanistan,South Asia,0.04705642639896212,0.009930853414276797,0.04692570786704803,0.004946398175628586,0.08492396737313093,-0.0053982531763294705,0.061248249005229224,0.014627125596544888,0.0443638124115764,0.0014535620216371559,0.06912213410560179,0.011486409982173873,0.04579889981963796,0.0073476966089891516,0.07575201884963523,0.013212616554775902,0.05187694221646671,0.0034877664691115307,0.042037163294295785,0.00900149102218406,0.03921231944276374,-0.006449751378635682,0.08214946705996473,-0.01525681519397748
Albania,Europe,0.0752622044943601,-0.007975798141679147,0.07812088772800979,0.019030095301781014,0.11746967817892677,-0.014674466614694848,0.08565812846088876,-0.008062695862820712,0.29786531815421513,-0.041865939092044946,0.07646097538331151,0.011486409982173873,0.12154563082594912,-0.019597899175992417,0.19436513014856655,-0.034480935954100955,0.1703033153594599,-0.024622057547819542,0.22992674038003966,-0.022149400720339774,0.10549556024748785,0.0021415630640053696,0.07009478956778292,-0.005105240031661129
Algeria,Africa,0.08918109394935396,-0.009313108597865494,0.07015914308685747,0.00443471148897423,0.05835544676083377,-0.0008340422868613473,0.19191221607918693,0.03420652441703842,0.11107311599081547,-0.020540312363458213,0.06816090634972004,-0.005486427106687342,0.043576881268104994,0.0007794345866847241,0.11561147465496414,-0.024329175754334464,0.07264403183997148,-0.004892791633490212,0.12230793240043782,-0.010667491864796208,0.048617157283111556,-0.0036709137191628383,0.1778029452434851,-0.03617963156527915
Angola,Africa,0.06847584163664519,-0.0017545156905137693,0.034214730623732564,-0.006178511404421161,0.1270788255077554,0.019168063152252612,0.2405640155917159,0.03075152641278156,0.03831193545071488,-0.0013210593290390316,0.09396688977247016,0.00668866311189853,0.032958046699946696,-0.0048638775461898875,0.06681201059190024,0.008661025288389634,0.07395434308121455,-0.012484595041411639,0.04071000895998432,0.008896568269995742,0.11210556155326322,-0.027403367806263845,0.19262437450228367,-0.03705223533118218
Antigua and Barbuda,Central America and the Caribbean,0.06696340517876981,-0.0037070755461358074,0.08530044850364506,-0.013515551281278793,0.11752901326635125,-0.022720705953499842,0.16348313619143115,0.020102750691701088,0.17673410405234244,-0.02046605843643201,0.10055062503259404,-0.015030489123384005,0.15130539236066207,-0.03437139613587048,0.11022195421347228,-0.015764059409580033,0.11299913714302043,-0.02284421680667781,0.09520574519444731,-0.021045744095902874,0.1205899470680316,-0.017819451444741063,0.05214401933702598,0.007647205255568723
Argentina,South America,0.33016189574399124,0.0460566471231838,0.048567780203516195,0.0,0.13038714701117865,-0.013040319809382916,0.18276111469080977,0.026943957393307016,0.07515550462161366,0.0011211100316426137,0.14848613156274207,-0.018738886188371495,0.13049059752000333,-0.0017036962868381966,0.09990361294483358,0.00287413207759335,0.10909011685194601,-0.018363477546478713,0.1854693617562144,0.03847792859659971,0.17167667004801346,0.007885717576382456,0.16071791896405074,0.012412910342416872
Armenia,Central Asia,0.07288813109008285,0.014002349511784029,0.07554013138855344,0.005807390406874502,0.068213622946675,0.009783693878407274,0.08794145228094091,0.013445914714030893,0.24289041296136527,-0.04384167504711378,0.06655244965173253,0.0016584841759834656,0.06397328794350722,-0.006178511404421161,0.2359639226490751,-0.03740182720311125,0.0793007279530592,-0.00199222180861236,0.28460665733928076,-0.026510403888235667,0.0540252670077731,-0.002536317618952344,0.08397424671597652,0.014287102184737499
Australia,Australia and Oceania,0.3427822092484487,0.044609752639329425,0.05304079952861097,0.007389707941821699,0.11677374097678367,-0.00199222180861236,0.2601918390664945,0.0038035989884424026,0.34997967527750934,-0.0317535097156455,0.32846965115759585,-0.05247262897373173,0.35176563467797517,-0.05247262897373173,0.2563620630142868,0.04747221219760944,0.1540552480059348,-0.007491408553329859,0.35848496354299886,0.02493584429271456,0.19795794589663354,0.007389707941821699,0.3460560335354399,-0.05247262897373173
Austria,Europe,0.22036055112397707,0.019989654407636115,0.18357472661064186,0.028033004753126534,0.11169183421507214,-0.0034552228154848263,0.19222616353975666,-0.026669237338737273,0.3058195160394248,-0.03995331314520678,0.19247609089582068,0.031705673755738184,0.2776296631950354,-0.044462966806009696,0.23327948095512088,0.031705673755738184,0.4132972455779663,-0.0748046212731942,0.26067767878817716,0.021681291109137968,0.4197731971782686,0.04585189910810428,0.5541568364257445,-0.13155642444251436
Azerbaijan,Central Asia,0.07988201130756291,-0.011000938176166541,0.019252374973735418,0.003061130953006419,0.10764444854644425,-0.012446714208244614,0.16801335794695044,-0.015807549061839565,0.15535653402431046,-0.029601596065625624,0.11783713210717783,-0.004892791633490323,0.059561687304890455,0.0075186786375318615,0.0835591736218752,-0.016484210196344273,0.0982851660826094,0.013212616554775902,0.18098047565354788,-0.026510403888235667,0.07317272966080378,-0.014674466614694848,0.07605114499728234,0.0063858078621616965
Bahamas,Central America and the Caribbean,0.09488938346902008,-0.014135635971696647,0.0585446857181995,-0.010174722681528636,0.2194920974934172,-0.05083711458989093,0.10815830124006386,0.021536546256682998,0.19954245086886455,-0.026305234922536447,0.13131514764496868,-0.012718083641422684,0.33821869675300825,-0.07622057913020241,0.1081444170541021,0.016174402498950524,0.18854087447721735,0.0256653964664324,0.05409296023953745,0.003054039365340433,0.15694717475220057,-0.02253245976944751,0.16165126366644428,-0.014744694744816877
Bahrain,Middle East,0.1875649799780888,0.028134208789176274,0.08955846399038404,0.0148839780588772,0.161773212872521,0.029137188976917194,0.08470576501113272,0.0017622307171991647,0.11504132825230302,0.008222890164470753,0.0879160315185287,-0.0130220035751627,0.083582602042375,0.010209194924468257,0.23703934591002945,-0.015111044960867459,0.21450477030860984,0.03923517329065662,0.11564859676151155,-0.015916955258049148,0.23352034785148118,-0.057320428061756856,0.07344004894726483,0.0
Bangladesh,South Asia,0.060279957677820184,-0.011656989493412984,0.029964533181442345,0.002589412836842664,0.053175888959100845,-0.004492237060631066,0.1366109858075481,-0.018455202151988148,0.17513514253410395,-0.02453357985051674,0.07490981208588919,-0.013040319809382916,0.0721666810846322,-0.010667491864796208,0.03917037117051546,0.003061130953006419,0.04509348520642724,-0.003889439140286499,0.09047277677001157,-0.009134742902757398,0.08444503714132612,0.015235190241646102,0.08551180662477557,-0.015508089683340054
Barbados,Central America and the Caribbean,0.08174122989985252,-0.011564009337915793,0.04890204739254801,-0.008310983263587257,0.23990628747446346,-0.056170081040992415,0.07421467600395595,0.0114602687305434,0.19515060574200863,-0.02582994481008416,0.1247045032729422,-0.01871520877840227,0.48127073897212086,-0.0966298976524349,0.14010987648320694,0.018751869045096292,0.09720324538987284,-0.008903925895985432,0.07115672217219754,-0.006395346787251288,0.26859176026080034,-0.03915531142182105,0.05287941842042919,0.004730375097747874
Belarus,Europe,0.07866377801692331,-0.013468689663272304,0.05657985959866709,0.010782514247816843,0.0865634488273216,-0.002176526258312994,0.10941045145643939,-0.010115712783983488,0.2770207928249929,-0.054135080613388564,0.16424071894847592,0.01620599392287647,0.027805528420944626,0.002561222100803562,0.2985154713119937,-0.05832693764161889,0.045458222504892745,0.007580420341720684,0.20877986695817616,-0.036301680538228465,0.19143736919435742,-0.027044607272269205,0.05032661660584507,0.0
Belgium,Europe,0.21693312881447038,0.05284725012617786,0.24818820933046626,0.06534886637037896,0.09746764876176643,0.0,0.22007700488565754,0.05021473658191811,0.317820863081864,-0.034555712844051456,0.29018561439241053,0.06016713994038114,0.3554924444496766,-0.036301680538228465,0.2394797711042139,0.05537848359662534,0.2712436676302117,-0.023568704168698162,0.30569157633411215,0.019989654407636115,0.16826380092083795,0.019989654407636115,0.501427052750246,-0.05247262897373173
Belize,Central America and the Caribbean,0.10798765041434356,0.011089565722897543,0.05441903085730878,-0.009382141084694151,0.08958064164776171,-0.006298587513711595,0.10091058812554551,0.008773383899422393,0.2255493294159838,-0.04562719229720824,0.0976479475925553,-0.019928958578122935,0.18842962138398678,-0.03969244072080713,0.05043662090652101,-0.0033734982543347503,0.15027103687408827,0.02453140856895919,0.16813916962154832,-0.017202304862097506,0.23212407658594278,-0.03379368991620668,0.08786245364801863,0.005359446564686454
Benin,Africa,0.07272315518007018,-0.0032939434169473314,0.2130564117640024,0.033921860908464385,0.16526487299404,-0.02502180421798561,0.06218613778248339,0.002657668608236463,0.04857260731171907,0.0039046259452661936,0.057565020206388096,-0.007222768372596278,0.11278594283353104,-0.011933829411094332,0.032855036967912234,0.003661497617857279,0.06482055978189581,0.010160105556126009,0.08517290171436728,0.01706647103818071,0.12317716496530201,0.008608121633093102,0.11570033806190784,-0.018235930114914978
Bhutan,South Asia,0.22097128622808732,-0.035597213671166306,0.031186012989878185,-0.0066442221483079544,0.10109692495468948,0.019374456239773075,0.18822820864157866,-0.020762311659783372,0.23754519274508054,-0.04251729510276592,0.07092732210830108,-0.011542249671272375,0.3499830969440002,-0.06258036949582624,0.09291146756831183,-0.00405018001223012,0.17747065745057153,-0.031397946429320034,0.08727480216906536,-0.006178511404421272,0.10157095922822952,-0.019455667550283717,0.08990682514166856,-0.0017810796092256886
Bolivia,South America,0.06070248891448591,-0.011933829411094443,0.03240211759732737,-0.0014164988511701226,0.1128852899639236,-0.005257434512123016,0.0969589141094174,-0.004933854076711874,0.04166522352620642,-0.008586656043256258,0.06682502767082746,-0.013040319809382916,0.04742989735743577,-0.005257434512123016,0.07599840161728062,-0.012484595041411639,0.06613484963883054,-0.009463253703739016,0.08269581491071384,-0.004892791633490323,0.16168597117608002,-0.02502180421798561,0.14996954746524704,-0.023568704168698162
Bosnia and Herzegovina,Europe,0.16123903641936263,-0.03088354993002773,0.022509225687923108,0.0,0.10620387935560519,-0.01723008253867031,0.06729847553266487,0.003684438976750082,0.21196665639166717,-0.0362046899430466,0.08181590694774027,0.009951265129853892,0.10077461960805434,-0.013761263800500245,0.19052652912379614,-0.01880755867973949,0.10562571500781505,-0.01222418761226629,0.22345952141013645,-0.003729112216074082,0.070918983371101,-0.00971632016920898,0.07867044150947243,-0.020762311659783372
Botswana,Africa,0.08483513729391885,-0.00951438610151134,0.06525949484385811,0.005622226892775695,0.14274400439834609,0.0032741631748813838,0.07667158913012749,0.01646536288216849,0.055517346728719524,-0.0008583842843750134,0.08570319079772251,-0.016780094049074212,0.30954026994500117,-0.045320736574015696,0.06281800196389425,-0.00448245185416285,0.041751107260656624,0.0011891009686981757,0.07534260106807125,-0.010293168782474549,0.2421446472268311,-0.03809977552285959,0.27421500928137393,-0.05484180326514443
Brazil,South America,0.07383989257902847,0.0049583176926735195,0.15838170888458342,0.04256640920271959,0.10303767070467788,0.01627435165893698,0.2530153859018763,0.05398426600520301,0.08875817337069636,-0.013040319809382916,0.11282268444899214,-0.020762311659783372,0.10061370415325131,0.015133766672963622,0.1006956762345418,0.004242710190580867,0.15132280125570505,0.023757580822594937,0.12510964581688952,0.017296161127573484,0.10348819812564809,-0.0016557381604447308,0.16849470012788773,-0.026063172695576786
Brunei Darussalam,East and Southeast Asia,0.1624780520781924,-0.03503075986043369,2.474360431633642e-16,0.0,0.07496574597499728,-0.0025832337047801968,0.0887586945409661,-0.004025533301575623,0.037004465215162534,-0.00842315896477941,0.0946443496184747,-0.013119990986744656,0.04617851755551199,0.0,0.2785382056142873,-0.030813729061518025,0.064756304461072,-0.002903278289695388,0.27862448248795146,-0.04942017504585927,0.5140801774231762,-0.0967139751124042,0.1557185192763102,-0.025674677882573604
Bulgaria,Europe,0.11070288418871153,-0.017131621729740587,0.1053844502426291,0.015215766222682614,0.09478347503741105,0.0,0.106849937059667,0.001353239404690454,0.18510274406938,-0.016161321708658805,0.13279230397363273,-0.008382367076814168,0.19500859821429212,-0.03307513887162905,0.11185856013563056,-0.017881157335850273,0.18695583871533572,-0.02475229901662246,0.18594478604065137,-0.006178511404421272,0.10459056456146681,0.004162614253149455,0.1346857177634375,-0.023048769164099814
Burkina Faso,Africa,0.09303052638087589,0.01194526110017713,0.03364656069868202,0.003707669724392293,0.1515934240253015,-0.006680191145994496,0.08824817780463358,-0.007620995835944222,0.05707146999697334,-0.003435040038690551,0.061320563662693756,0.003467202773614231,0.09133858819585218,-0.0030919004053626686,0.027912519120710206,0.00138510527993696,0.06918295196260207,0.004368808017071402,0.03881506875834888,-0.004751561476040833,0.11753456553679054,0.019552326629068695,0.0631436248312585,0.01548427567844568
Burundi,Africa,0.0837103697336385,0.0039046259452661936,0.03545326793739014,0.005068237330221548,0.07080775871512225,-0.00257330821361601,0.04335627311148191,0.007120998571757076,0.0821016906149864,-0.011734762798212617,0.07250785589804616,-0.014798173570898299,0.09323492519588998,0.013871409073335617,0.05178997800331372,-0.003559803048520549,0.07290311331039025,0.008083032894427467,0.025563955957705487,-0.00199222180861236,0.04159241541193216,-0.0075497605242736965,0.05893997729359999,-0.01601373844805909
Cabo Verde,Africa,0.09483887136538248,-0.0230553341778702,0.05785485069417948,-0.009427151780669552,0.18445177999168122,-0.04239671930142641,0.12478181336150763,-0.01885063629146777,0.1127526476731179,-0.013354488121876562,0.03990728945259862,-0.001542098029911898,0.22615289438757133,-0.0423967193014263,0.12052831038100803,-0.017268743786591934,0.30666314587575494,-0.061959171947178926,0.07727959249806296,-0.015030489123384005,0.09563650695950075,-0.017819451444740952,0.040121539644936484,0.0
Cambodia,East and Southeast Asia,0.030306284254191927,-0.0026910512026701028,0.05742687475244399,0.008768811279168176,0.08821910249633197,-0.014085856119005702,0.13262757859437246,-0.008382367076814168,0.06760973392742281,-0.00690446773761999,0.08149244659914802,-0.016780094049074212,0.03253035522651248,0.009108923067066454,0.039268347779511964,-0.0007892777875962986,0.05021913505458898,0.010925969116231116,0.09455229934093154,-0.009286320968176498,0.12993879085503404,-0.029601596065625624,0.06803101154936907,0.0052852212165510615
Cameroon,Africa,0.033457879509668075,0.0037550215757724548,0.057378708783739026,0.009643355708852885,0.08046694036837794,0.013028963588389564,0.05914946073218522,0.0,0.06544701025753732,-0.00947500454008332,0.044435473074308084,-0.008663438376487309,0.032640584324043646,0.002042409823822977,0.04500401184715029,0.0021678742796018557,0.041548891186820924,0.0008117011413517616,0.07742574633598336,0.019326886380726105,0.07469538541948459,0.012507519549268764,0.06150428335109672,-0.0026910512026701028
Canada,North America,0.35173366058929645,0.04747221219760944,0.13555084422089925,0.0265998063457753,0.20223963785922908,0.0,0.2021802986654429,0.009108923067066454,0.3393349462295438,-0.03995331314520678,0.2787568765215847,-0.059886101665628466,0.4178013521185677,-0.0748046212731942,0.2996172363823971,0.031705673755738184,0.17266517270799597,0.014002349511784029,0.33488633824600467,-0.05247262897373173,0.11931232818971202,-0.00818758833961919,0.4198082469314306,-0.05247262897373173
Central African Republic,Africa,0.06979543827911568,-0.006251538196792916,0.04871870588677817,0.00953149977108425,0.053103123751913964,-0.0048638775461898875,0.04116079308520193,0.0007220306912154584,0.05331605573135381,0.007184327572206328,0.1093531012135637,0.007072018849174633,0.030557389484031628,-0.0006570370329352926,0.07237760957294993,0.013212616554775902,0.07005308978709512,0.011439726709838505,0.026526252734166186,0.0019306744637799245,0.06859775082635014,0.012433810260269462,0.03714789308749062,0.005937766460621718
Chad,Africa,0.04279014698932233,-0.0045418113218806955,0.015531801116890464,0.0,0.07855160856659944,-0.0028314017536492653,0.04409857223546103,0.0036164616960541185,0.025193623996908134,-0.00199222180861236,0.04686387536965548,-0.002245781088206611,0.03142539741573989,-0.0025272355662483426,0.029190497215454334,0.0038035989884424026,0.052818327408782915,-0.004697327455581379,0.03117583800581251,0.003185487697482836,0.032713655909981335,0.0,0.08288364443052133,-0.0007396546856218711
Chile,South America,0.2429397657353912,0.0351803742497514,0.19914311652479166,0.022784649503392096,0.0809814126481352,0.004849254954405469,0.11463543105145935,0.009605779193564867,0.10221085472458105,0.012009235392639095,0.2154489611578387,0.0298955299631416,0.3920969021593183,0.06534886637037896,0.08884858245372294,0.0063858078621616965,0.07748769954703823,0.0,0.17342930884013844,0.04058672168497979,0.2555283405732789,0.024137596028845465,0.38007525766626327,-0.05730998363938966
China,East and Southeast Asia,0.06867938704865233,-0.006771842743320544,0.032670426013581444,-0.006178511404421161,0.06977833431528452,-0.012139791167850578,0.0979995988606807,-0.01807898587832757,0.15133804463054892,-0.023881663689083732,0.1983243386855178,-0.04168951949336175,0.03411329811336009,-0.0028314017536492653,0.1386680844016775,-0.025568150641617104,0.039426973528073825,0.002561222100803562,0.15748097679834172,-0.015656378950763328,0.21265286345835505,-0.02885997436029175,0.1664251610788701,-0.0053369884723109
Colombia,South America,0.08791677669740518,-0.017210012902840854,0.05469510260379207,-0.011175626828011986,0.0345679225799132,-0.000800012293257657,0.18162971874857503,0.0396725346821829,0.10919102885010491,-0.01655370188769223,0.20340274543827494,-0.035473746360237035,0.15294476765535056,-0.02873301960195085,0.05490262659848941,-0.004697327455581379,0.04103041361574602,-0.0007788275415617774,0.08851869132155779,0.0063858078621619185,0.08040652690706322,-0.009026699555267914,0.15556180671569356,-0.021579037300747506
Comoros,Africa,0.08973644157480844,-0.011146223403453948,0.060747557019897196,0.013062032986787653,0.07725621480138362,-0.0061740431964456555,0.04334684143017631,-0.0025139534092140092,0.08856116577693476,0.01466470940059561,0.08718324940313579,0.014708042438486002,0.07098420012011593,0.0007864830036206083,0.04275014764271014,-0.005228874343236711,0.07491276618661294,-0.009120867361083529,0.06743013586650486,0.017627618328775574,0.16955378169402555,0.026842325987967985,0.11959138271481919,-0.006663457520555305
Congo Democratic Republic,Africa,0.05056925007288219,-0.0063112156257993934,0.04727335832291243,0.0,0.052564154896320624,0.0019097787061015392,0.031621177223125276,0.0,0.038124212900991016,-0.00405018001223012,0.07296872843681827,-0.013040319809382916,0.0465272730182003,0.0019306744637799245,0.03224177725447402,0.0019306744637799245,0.03883280329027643,-0.0012508287341586044,0.023412974907445983,0.0012262857980038788,0.032020324517754,0.0018305314438200604,0.03075154401164557,-0.005532327029322492
Congo Republic,Africa,0.06838206692077753,-0.013074079979585096,0.02914224461410764,-0.004488241332117893,0.13125608802933564,0.01624485519810781,0.11428676385097712,0.007135265898578824,0.026240234080653603,-0.004798515233924161,0.07579693083177684,0.0010167991445872993,0.026863467660398398,0.00427211520372639,0.03394599406513397,-0.0007140384421119306,0.05192263935940653,-0.005782077414065112,0.03724695915914411,-0.0014524979874813715,0.0756315963806546,-0.007228260256929686,0.11163605687271351,-0.015111044960867459
Costa Rica,Central America and the Caribbean,0.20780399449933085,0.0220972867750171,0.06855280048481731,0.008333271078247328,0.16114384377668303,-0.029601596065625624,0.09046691460679107,0.011874102575376133,0.13747329860643287,-0.011423006458422535,0.15983370352191303,-0.03153484492898628,0.37900861326628627,-0.06698373646359435,0.1615122813509267,0.02952731448582524,0.4122774480782729,-0.06102567387237878,0.2754436312715461,-0.041865939092044946,0.09617798136356737,0.009108923067066454,0.0902004448607033,-0.014674466614694848
Cote d'Ivoire,Africa,0.11587187085722603,-0.022985406883108683,0.046184538189185505,0.0005973766798337277,0.1112940137077055,-0.022120775954689198,0.1215380710151496,-0.02168353320020111,0.026634514920102423,-0.003789186442721748,0.11357778448486462,-0.022231982492712743,0.10710945527905363,-0.016780094049074212,0.036962143523192395,-0.002111415421399143,0.09593774774853968,-0.018023150492775364,0.03392640474927703,-0.0013514106225841482,0.12399848533259482,-0.013808991190726316,0.0990645783271535,-0.019138261449144545
Croatia,Europe,0.22744799213340594,-0.03995331314520678,0.05251975682751075,0.007120998571757076,0.09785839727340748,-0.024012135653706745,0.06023246981527006,-0.0010225205581491092,0.29263587531597995,-0.038970640868509876,0.10376751374718479,0.011765788040923653,0.26740918165780353,-0.03480206288130605,0.18039806082201376,-0.0201631398357065,0.23345899147138974,-0.047813780203989076,0.22482165301101753,-0.010057916067208517,0.11367701298147959,0.0017575994262848393,0.10903448988897801,-0.01481739177149577
Cuba,Central America and the Caribbean,0.25495223489144503,-0.049087567999420045,0.04221281875551106,-0.00782401956775891,0.2599467188308582,-0.05247262897373173,0.17123609785887806,-0.008728482446039965,0.20305635139140185,-0.04213716313131333,0.12102438143382958,-0.00405018001223012,0.0594080853457029,-0.001526803036919211,0.10576858733827867,0.006952470848288872,0.07598056313176163,-0.016087189453407147,0.11189377069048137,-0.014015599276988033,0.22583535071320063,-0.02235870756443492,0.20891788471953293,-0.03238265611252822
Cyprus,Europe,0.1635553273485955,-0.018738886188371384,0.025720781653556218,-0.004296824709137725,0.1857045479122759,-0.0373824652636523,0.14101325556190503,0.00668866311189853,0.1773752684351063,-0.031102685276031328,0.1838875305275543,-0.03120832173385446,0.12975093532552395,-0.014674466614694848,0.18225411602024524,-0.014085856119005813,0.1041455574210151,-0.009026699555267914,0.17069948109721358,-0.02243063527334055,0.12287247581108664,0.029486271296790267,0.04378751139021858,-0.004751561476040833
Czechia,Europe,0.1600691796304769,0.0,0.18431764019694155,0.0247087869042244,0.16493209819540103,0.013212616554775902,0.15578470975125536,0.03381283955911063,0.28593861754872313,-0.04284565086678627,0.22600992512840798,-0.020762311659783372,0.11949455561844519,0.003101489903251764,0.2156225572480756,-0.0172764221260856,0.21607450197323935,-0.026510403888235667,0.40247119550754973,-0.013040319809382916,0.20993270111482856,0.01489301364623885,0.2078425911591855,-0.01514943939354263
Denmark,Europe,0.18478674975825574,0.005622226892775695,0.16123864040503394,0.019989654407636115,0.18877703066818063,-0.021683533200201,0.2654560080888325,-0.03995331314520678,0.20704533222420088,-0.006178511404421272,0.19789078529908405,-0.03995331314520678,0.35699705478644694,-0.06837222737362458,0.21917940648630288,0.031705673755738184,0.2492626097597137,-0.05247262897373173,0.2232459910016844,-0.015508089683340054,0.2232449893341856,0.010782514247816843,0.5753557063447431,-0.09541526735268291
Djibouti,Africa,0.0969383693333126,-0.017237414185015898,0.02908123099613498,0.003528268270817092,0.08747189950279573,-0.0023124017503066696,0.04816321740794242,0.0008997005787281243,0.08644643095297931,0.010415887526718404,0.09103362764163314,-0.013849670452788954,0.06034634991232966,0.010888333676549955,0.034179051195141204,0.0008281694149463448,0.0818743377774448,0.017342622530643448,0.05122282929189447,-0.006650783450904418,0.04896896143143603,0.005533541742908321,0.04959073744260561,0.0
Dominican Republic,Central America and the Caribbean,0.09041462206585829,-0.014085856119005702,0.06366436637409696,-0.01035371612862146,0.10668449553094671,-0.02013257056346829,0.07994499343066214,-0.015508089683340054,0.19429134767965453,-0.03080262836922021,0.09667179213186149,-0.013900056448645448,0.05125822859986256,-0.008093559838899145,0.06456085514843879,-0.013040319809382916,0.15227625493954694,-0.03178437114593469,0.05291513934166309,-0.011569362647331327,0.3447312676400334,-0.05659418784920778,0.14622795171219063,-0.024622057547819542
Ecuador,South America,0.056264286006342326,-0.0073355007337920775,0.024833065660281192,0.0029461207543641788,0.08338079250609058,-0.008316417506570306,0.07221849584775053,0.008453225112691642,0.10798850700019173,-0.014881816484374588,0.18237106245192003,-0.03041094936960964,0.10759381896703193,-0.015175295955198287,0.0763210775432457,-0.012260719135059883,0.17120519599849146,-0.025750447737745596,0.07336790724861894,0.006512174786904801,0.06657730884692703,-0.0066442221483079544,0.09026910182194729,-0.011734762798212506
Egypt,Africa,0.10873131701647172,0.004368808017071402,0.054967091108681934,0.00987515152650742,0.050716504273816757,-0.005797589598362962,0.07840354851230848,0.0008347384940639024,0.17230773324071483,-0.0332786165418526,0.10264349816439765,-0.010667491864796208,0.031564231206548006,-0.0026706846580127896,0.15790669315309255,-0.025568150641617104,0.07512175520575201,0.008255178341549874,0.06853871820903042,-0.010377194167557668,0.06894781440475996,-0.005105240031661129,0.07116548187375765,-0.008382367076814168
El Salvador,Central America and the Caribbean,0.0683956369087124,0.0,0.06331005990291445,0.012288976779621708,0.055920554833619275,-0.007270654600990301,0.08279246665068545,0.005622226892775695,0.14016657360413604,-0.018455202151988148,0.09316864521899229,0.012871121651044426,0.19247132584529308,-0.017333401522917735,0.06341822894405895,-0.01035371612862146,0.08834494648199745,-0.012608576934514226,0.06960779429780153,-0.013040319809382916,0.06744794997865061,-0.008235428030292646,0.05217978487443512,-0.005590794179388459
Equatorial Guinea,Africa,0.15933955991441,-0.01987646260848641,0.0177355598472911,0.0014535620216371559,0.055080958247077504,0.0066570896365856225,0.19354112004165672,0.03080695906002595,0.05811002291411829,-0.009896371890224076,0.21813229780664123,-0.0407110566701967,0.02478921548473314,0.005622226892775695,0.060733442615499886,0.0035725205179513164,0.05771267214662322,-0.002111415421399143,0.062214009411267444,0.015552898761765688,0.3393767930638785,0.0613120608891593,0.16086132053356234,-0.029601596065625624
Eritrea,Africa,0.08689229259779982,-0.010667491864796208,0.04831727251749015,0.00668866311189853,0.1621263370827373,0.02845158663191749,0.05663078580615469,-0.00699581208400657,0.13177771776569036,0.016314193057288318,0.1320425270101308,0.021402447463437113,0.05963771822264094,0.011398850547279515,0.04915933406218936,0.006135789279775539,0.08379618687479651,0.01728604521965882,0.04237530573261717,-0.002245781088206611,0.06814499759895917,-0.005105240031661129,0.09693231004180297,0.0008984899964494808
Estonia,Europe,0.17210718676565348,-0.00951438610151134,0.034256942904658215,-0.0010050495025732964,0.17994103281279578,0.02458229521657218,0.15438910089912306,-0.005257434512123016,0.27167846940697365,-0.029601596065625624,0.0759638676866608,0.00953149977108425,0.4154934638395533,-0.09032948674199881,0.2102088938433124,-0.04284565086678627,0.37445805362432283,-0.0596729719767074,0.26941076311455264,-0.031534844928986394,0.31429866666763334,-0.0388560825556179,0.09568538562524652,0.0067527181361368704
Eswatini,Africa,0.11868786101246849,-0.028098762023825108,0.01474204129116269,-0.0026946237080178737,0.22653017460801217,-0.0423967193014263,0.08760306718531284,0.01254613564138407,0.11939238713574941,0.01653294778221892,0.09426599554105404,0.007783425129379129,0.014289969707525146,0.0,0.03524705936441466,-0.008201760368895639,0.06027129648553037,0.005592525970229856,0.028089887640449448,0.0,0.09473463878980601,-0.004860744501859582,0.062468537530753994,-0.008564450456832629
Ethiopia,Africa,0.04971142647937965,0.008083032894427467,0.03886615644289021,0.00393072715274978,0.06975857315012927,0.014226191351806028,0.1093407163234967,-0.00951438610151134,0.11515264095518715,-0.0073355007337920775,0.07216338305361426,-0.011134821958058372,0.06263656261753321,0.004479763507811763,0.08457099655785266,0.020127752174101232,0.03460412082153012,0.005622226892775695,0.0316241138845973,0.005021850276697215,0.07690730370383696,0.013212616554775902,0.07700628753804341,0.01489301364623885
Fiji,Australia and Oceania,0.037480253026701396,-0.005585104902572358,0.017638497153171492,0.0,0.11340737654791821,-0.020322167964056947,0.09903502449663959,0.015109934876639253,0.15689469065614908,-0.025023166965419286,0.11247687356238331,0.02158907417048428,0.1660187054721552,-0.024015416106435206,0.09746068492566881,0.0015072317073399066,0.09385539672175351,-0.005519299721906568,0.14890847527692422,-0.015435633314585528,0.15589396230962146,-0.013849670452788954,0.0902973196366885,0.013804592244117675
Finland,Europe,0.4149950461816889,0.041616010650583846,0.20154488086241823,0.019989654407636115,0.39650847543170886,-0.06837222737362458,0.1802912955299656,0.012119584266715444,0.3529980569889603,-0.013040319809382916,0.15990825255846358,-0.016780094049074212,0.2914672973532703,-0.05247262897373173,0.2731222862039453,0.0,0.4145838661715322,-0.06258036949582624,0.3443949444124872,-0.03285884851883625,0.17310412612143963,0.014002349511784029,0.4222865879973195,0.0
France,Europe,0.39364753635394034,0.06463289834737895,0.028467702341504364,0.003185487697482836,0.08141649659744071,0.0038035989884424026,0.14793362240973112,0.007389707941821699,0.24097780475821157,-0.03153484492898628,0.08843764000443326,0.0,0.2523100675938604,-0.023568704168698162,0.18372063682939221,0.010782514247816843,0.3244129182832619,-0.060882011869072494,0.20714433529761783,-0.014881816484374588,0.16630036513419974,-0.026669237338737273,0.33111053893027526,-0.07831035905913464
Gabon,Africa,0.09259842462577841,-0.015737414908709058,0.05191404329974323,0.0015492758495603276,0.11276628660263238,0.0019306744637799245,0.07105533717428499,0.009783693878407274,0.1322999291949652,-0.01801255457313955,0.07735707856877147,-0.015508089683340054,0.03281792548012498,0.0014717467934761697,0.0479506511887872,-0.005746976022420469,0.0650023472937733,-0.0009560439262671361,0.039526571174606374,0.006512174786904801,0.23553672754169153,-0.04208227127387132,0.10779911066100555,-0.022075606234419398
Gambia,Africa,0.06679667605851922,-0.004431771326236067,0.10226236961841516,0.014433887656802202,0.16295849564851256,-0.020762311659783372,0.053994478164328674,-0.003740974137173003,0.06920111670372626,-0.010005945143782835,0.11397356001396829,0.008255178341549874,0.06470258128504354,-0.009286320968176498,0.060412648579218776,0.00923924843539825,0.10796698936166507,0.002618231159139839,0.09311837167934048,0.0185448402339623,0.07884870437887087,0.008768811279168176,0.08982340402711789,-0.005105240031661129
Georgia,Central Asia,0.1451148884680786,-0.027979135074231665,0.06597006741695753,0.012706934301318196,0.05674229353092862,-0.0024314636720017546,0.06568279606011614,-0.002176526258313105,0.1826097610813192,-0.026942491859807904,0.08666295699012794,0.0037430705461733993,0.0433477916532262,0.002250835973067522,0.20338060286471243,-0.029300322967703685,0.14185554895036892,-0.0066442221483079544,0.23649415812136487,-0.014261849496002621,0.08112617827477511,-0.0026506241277001186,0.10417158455231365,-0.013719116844114532
Germany,Europe,0.0964428507564787,-0.004892791633490323,0.12886718304876263,0.014523422879865633,0.09995605752046388,-0.021268206594774575,0.2841204611655768,-0.04359110903541685,0.3349337011186175,-0.047723508453402896,0.16827164190845473,-0.026510403888235667,0.5195919027469548,-0.06758336725754488,0.24045587794762888,-0.010667491864796208,0.4792305145326578,-0.08021094420407326,0.3234737188736776,-0.03202795652900636,0.16131833672785698,-0.006178511404421161,0.5080956131728126,-0.05518814303911357
Ghana,Africa,0.251562943813463,0.041616010650583846,0.14740297499726263,0.031193657987128143,0.18031670299749766,-0.029601596065625624,0.12525928786947052,0.0220972867750171,0.04703205298384497,-0.0017545156905137693,0.05212973916794883,-0.00951438610151134,0.19267250572957348,-0.031356523083466814,0.05184132648238432,0.0,0.08215953386868244,-0.008586656043256258,0.06482341590182043,0.01760804366346802,0.13430955831364855,-0.014674466614694848,0.1323719072204924,0.011874102575376355
Greece,Europe,0.1692578072644983,0.0298955299631416,0.32101718358963105,0.06093261315323617,0.11876850249893782,0.007885717576382456,0.21137118669100396,0.03221365587048419,0.2053030152629874,-0.025910589678034834,0.1707521374390907,-0.018558208244683683,0.16706414779333603,0.0220972867750171,0.09440909596092828,0.021402447463437113,0.09206355941985785,0.015552898761765688,0.11317397733626781,-0.011605712701370563,0.4956667975387569,0.08145560565111798,0.247706083493124,0.03908335916051153
Grenada,Central America and the Caribbean,0.07052304035531827,-0.012813229606942644,0.012455218751337937,-0.0011056119289781785,0.11282200900087858,-0.020322167964056947,0.047603793277282466,-0.0060348309377410425,0.17463218171908282,-0.026762761698748805,0.04464243295816534,-0.0016013683525478717,0.16752898483638562,-0.03460393792852978,0.0709691384547272,0.0,0.3169891690526454,-0.07363408377172675,0.14602509155462226,-0.022491054810112487,0.16647171971462466,-0.03031090581224527,0.08713169044142338,-0.021105541565042185
Guatemala,Central America and the Caribbean,0.05198021719981068,-0.011134821958058372,0.08174906635754725,0.009951265129853892,0.12937720543036518,0.01600434373530235,0.139702488050842,-0.0239745376453816,0.06550768138913558,-0.012139791167850578,0.038161589050138015,-0.0017810796092256886,0.0472689370760796,-0.005746976022420469,0.046329545713571195,-0.002536317618952344,0.03761731110061341,0.004011168183852387,0.05648694917812897,-0.011883430082753721,0.06967433004218308,-0.007270654600990301,0.13834218636717044,-0.027896024387602858
Guinea,Africa,0.053359334984290185,0.004212315434761527,0.04286795404439132,0.006216922732423802,0.06865739714158842,0.008794067753128632,0.05220511635211605,0.0,0.06938824580961349,-0.003789186442721748,0.10004084488600982,-0.016780094049074212,0.02301458382042508,0.003763031431121888,0.035171489809118855,0.002561222100803562,0.10475886185537465,-0.006098370960611277,0.05176952448731619,0.00944721057774034,0.08716034575225265,-0.00875741285515208,0.0875336173312623,-0.00971632016920898
Guinea Bissau,Africa,0.07557963036669245,0.003061130953006419,0.12171757791237775,0.02505777341386528,0.1259652167557578,-0.023048769164099814,0.06658209481920248,-0.001610406266005282,0.058243768734428006,-0.0025827250953267544,0.07789920712119669,-0.00257330821361601,0.07013234939977539,0.009108923067066454,0.04318159210968073,0.0062908657845357485,0.08173279710769119,-0.016052312531631308,0.05652647466561802,0.014226191351806028,0.12563468046251783,0.006818013256918221,0.08933853044785223,0.005131437250532445
Guyana,South America,0.07022480284544083,0.006071471240219228,0.016741148131858227,-0.001287875425892926,0.06415247521354472,0.00554993145705418,0.1677836906967349,-0.04066023673981878,0.21691899445665747,-0.04465282380719693,0.06018498815876216,0.0023321774798297223,0.15198324260826443,-0.023146259287987747,0.0630121220334355,0.004247909167653718,0.21331807318248336,-0.03070565138914194,0.0648203644436854,-0.01079527660155688,0.07422618180063292,-0.019334070133685932,0.10681470256491514,0.005359446564686454
Haiti,Central America and the Caribbean,0.11327266884560835,-0.018866063988012605,0.04673457615661156,0.0006097615370022069,0.14517718176330793,-0.02726858439711133,0.04810034634691095,0.0034069417064972463,0.05815235689960748,0.006074136098529248,0.050428501290664896,0.002167874279602078,0.03841407071163543,0.0030531849073096584,0.031240546472307004,0.003085219258878835,0.09562662033346118,-0.005773859351466015,0.056296078096588806,0.0,0.21101184413817808,0.025724267672999845,0.02725380978778275,-0.0023984129957068667
Honduras,Central America and the Caribbean,0.06509389074450583,0.007389707941821699,0.05262743300480712,0.0052852212165510615,0.08660095796032007,-0.004605340128726154,0.0837370323585526,-0.010974547977673499,0.09330060425864363,-0.017210012902840854,0.04348643620059499,0.006512174786904801,0.03490782630110748,-0.005746976022420469,0.05479876192133449,0.0072379696895974455,0.08492731278364048,0.01812594285547031,0.11935117859933403,-0.014205797055027003,0.28239887418233767,0.06158177212313154,0.11006488330973228,0.00802031775653167
Hungary,Europe,0.1348152902391157,-0.006178511404421272,0.11155839093524013,0.03404278041028208,0.162637703404428,0.005622226892775695,0.1249866180540851,0.005622226892775695,0.3027513855054438,-0.05160807943501078,0.17139198129044575,-0.014509087930655307,0.10566859410491364,0.029215595590967647,0.1379689526401671,-0.023568704168698162,0.20688313451426674,0.02105217128686121,0.31531429469158023,-0.0032634780153416587,0.3491911912991887,0.024137596028845465,0.07318945557082043,-0.0014881743912666945
Iceland,Europe,0.2801920321111745,-0.05565920916361111,0.20356513300890267,0.05198950550864412,0.27293445641276726,-0.04239671930142641,0.3591863930285556,-0.018406708851167908,0.35445590041570213,-0.0314223283673708,0.20315855121736226,-0.04239671930142641,0.4600870506264979,-0.0710180197339716,0.27905647899165625,-0.022720705953499842,0.4780143642468329,-0.0984495312190864,0.2470507163753684,0.0256653964664324,0.23145129182767982,0.03244172283509861,0.28505247828302416,0.002454301451032981
India,South Asia,0.1402634866432343,0.01706647103818071,0.09121273974459848,0.014659838620497467,0.06545075013790251,0.009476541331779886,0.11370669048094358,0.012734006236510442,0.1482770201783358,-0.022231982492712743,0.11130325560930489,-0.021579037300747395,0.11332041639527297,-0.003789186442721748,0.04978908695801484,0.005057855144636747,0.1240081333782347,0.019511681103413947,0.04497549614317565,-0.0020382468883547444,0.18709983607871522,0.022686906300630527,0.10466783341851553,-0.00434980455605416
Indonesia,East and Southeast Asia,0.10835626924233045,-0.02131337813875578,0.0300791694337382,-0.006260788219727087,0.07539426099888873,0.005365624749747111,0.18446680946263425,-0.029322424508894662,0.2073680629525695,-0.034555712844051456,0.09583977085947425,-0.02186272449165061,0.17766849855733188,-0.02063961549924187,0.0895482864617951,-0.011645116079021633,0.059330230764711285,-0.008382367076814168,0.04068237950899481,-0.00405018001223012,0.20016062462136705,-0.035957009122816075,0.20242182314819993,-0.039184649052898424
Iran,Middle East,0.0925246072211235,-0.00782401956775891,0.028696189234955816,0.005131437250532445,0.10097827034948703,0.0196158937106663,0.22287733754884018,0.056201082088783494,0.16788011264556632,-0.029601596065625624,0.12184808303590318,-0.0011876886869299774,0.057691874815871604,0.011269993464265049,0.15279145653491233,-0.023099714398871374,0.037332984473944245,0.004968794520933129,0.12974970028636518,0.002657668608236463,0.17557998556934956,-0.026614420328332167,0.06274569578763392,-0.001895898287590958
Iraq,Middle East,0.09500283547499412,-0.015610946306464646,0.006949819299040078,-0.0006093899544469261,0.07806324412671227,-0.011866725097602226,0.10330732579962494,-0.015385388583156967,0.14589074765170618,-0.024567125242305865,0.13700134175868736,-0.023253928626839837,0.043153176073395416,-0.0013996459743879086,0.048388210582517896,0.0,0.07027322845463622,-0.012741783255510786,0.03837415951818529,-0.004807063173655313,0.06181548444793068,-0.00440410781575018,0.078459102509761,-0.013770329161355788
Ireland,Europe,0.3322023610692306,0.044609752639329425,0.136029609582244,0.024137596028845465,0.3669370306325322,-0.03995331314520678,0.27813744940012514,-0.006521327660775289,0.2386044908302864,-0.029601596065625624,0.15237390061832456,0.013212616554775902,0.4545845826921805,-0.06258036949582624,0.20331938540843525,0.02257393963700549,0.14364650477072574,0.0038035989884424026,0.21338734048664512,0.019989654407636115,0.14838168495509246,0.007885717576382456,0.2836123311697466,0.0
Israel,Middle East,0.040000000000000036,0.04083299973306631,0.02580577685288597,0.0250038592085422,0.03031552426406986,0.02941803585196312,0.0909090909090909,-0.0871290708247231,0.032680203916393945,0.0,0.0,0.0,0.054126587736527385,0.0,0.05882352941176469,-0.057190958417936644,0.0,0.0,0.03534797566467095,0.0,0.21122570824010706,0.19023807142380833,0.036852144841890984,0.0
Israel and West Bank,Middle East,0.11259112850199357,0.016066525730476844,0.036473705265087225,0.008333226369603874,0.03868801693904776,0.0075539372589141784,0.05147889297471879,0.0018571141904910604,0.08117300751629818,-0.012137016279346824,0.10232637348337179,0.021280375310409605,0.07600804411113998,-0.015093645682721313,0.19424670805775784,-0.040920176267911446,0.05705211898692818,-0.004194073065132087,0.10760619184450058,-0.022365360324170358,0.050357165685930204,-0.008900379519115376,0.03599136610775986,0.002014231341680439
Italy,Europe,0.18463723646899907,0.0351803742497514,0.16044515280563484,0.033466386601162634,0.12029662489062444,0.0032741631748813838,0.1251682955515276,0.017809950212084757,0.25899060790013506,-0.025513971890864906,0.19299721425262553,-0.010667491864796208,0.22107164917652344,-0.02726858439711133,0.21449211900914203,0.05781615901286652,0.40308813147314526,-0.05404148620000582,0.16307947442896253,0.01620599392287647,0.1964285388220756,0.025556134420487098,0.21559163627174283,0.028033004753126534
Jamaica,Central America and the Caribbean,0.0715895486958477,0.009108923067066454,0.031773411081987106,-0.0030919004053627797,0.2697917679568165,-0.05901480113749458,0.08581518004311435,0.019126704167452768,0.1388607358137267,-0.011933829411094332,0.13767029879734058,0.020752654044192465,0.23087963030323036,-0.029601596065625624,0.08220191004672918,0.004368808017071402,0.04547230168699161,-0.00434980455605416,0.1352707425134798,-0.01767639261269416,0.12532772414373533,-0.007491408553329859,0.10372102757303299,-0.01773562583104371
Japan,East and Southeast Asia,0.2029535510385035,0.024137596028845465,0.19541246226981893,0.041616010650583846,0.19412272014894624,-0.03995331314520678,0.16818235136855314,0.017639147956978185,0.2272792035048642,0.008768811279168176,0.2164639212676433,0.017809950212084757,0.4909712870711404,-0.1000333895418235,0.47983713000506334,0.0351803742497514,0.06206015351418115,-0.00405018001223012,0.22735239471781424,0.023125578628887977,0.4589316302016691,0.05781615901286652,0.17504259975407543,-0.03995331314520678
Jordan,Middle East,0.09216325021487268,-0.022729830813880247,0.034058742061068153,0.002618231159139839,0.11479070153378362,0.0185448402339623,0.03695457254776455,-0.0009115952170974939,0.1845306679537683,-0.031638324512322735,0.12267330021528766,0.007737324431215553,0.04828194302011873,0.00085912174097591,0.13379228403651025,-0.01107015219940688,0.07209696979563804,0.00980019603886162,0.05666157941677658,0.00287413207759335,0.09707845022123839,0.012507519549268764,0.060377501276120564,-0.010005945143782835
Kazakhstan,Central Asia,0.18732307282553953,-0.02988625444294457,0.011176004898457175,0.0015095164460716681,0.16300890698294448,0.022137925211880516,0.09004316458123955,-0.014167021370035116,0.2754182423776506,-0.049835235732058614,0.08964525843670561,0.008255178341549874,0.050982405631207366,0.00668866311189853,0.19876489309652695,-0.02988625444294457,0.038759734138895635,0.0008347384940639024,0.1580820030274985,-0.011605712701370563,0.21709969237136362,-0.013542848232326876,0.2831915084111349,-0.04347756169901884
Kenya,Africa,0.0707697612098316,-0.0017036962868381966,0.04942469819288342,0.00933168467923684,0.08867816994987952,0.01048600952443568,0.06661266336353663,-0.003559803048520549,0.06169701781244983,-0.004575473509625727,0.07205312811442457,-0.013040319809382916,0.07236858195483821,0.0,0.040533471957711995,0.006216922732424024,0.08079326374108653,-0.0053369884723109,0.036378191082477154,-0.006178511404421272,0.06682591323899098,0.001635427862179073,0.0833992266157215,-0.000846038228382362
Kuwait,Middle East,0.21528691241760764,-0.04761045172614842,0.03579417757563371,0.0,0.08007664136827401,0.002561222100803562,0.15287272320806564,-0.00434980455605416,0.17168475307126152,-0.013040319809382916,0.1501492470180603,-0.02726858439711133,0.07252065016258046,0.003367918372847889,0.16117194760677056,-0.006178511404421272,0.06599232967478962,0.0076572753822803374,0.09999396189958085,-0.015111808023128281,0.2281170809179222,-0.04658192452120469,0.1498108353669203,-0.016780094049074212
Kyrgyzstan,Central Asia,0.11272115244945938,-0.022880583710457203,0.0391566226049004,0.002194840131046316,0.0759062080003997,0.007140230182805629,0.06725692979123092,-0.004892791633490323,0.19041713433543664,-0.028423886494844286,0.05908638520737113,-0.006613065864354062,0.0683571937298699,-0.0007127670685694865,0.14368617154717345,-0.025568150641617104,0.07574321788695833,-0.010520335382062207,0.16050407471369774,-0.01974224585015616,0.1565603327425204,-0.03047270663999435,0.09739686553133965,0.00287413207759335
Laos,East and Southeast Asia,0.24422680525217344,-0.04800077688530291,0.021145774441741004,-0.004097216466055653,0.055967217748615364,0.007885717576382456,0.1533929977694741,-0.014167021370035116,0.08766380776277016,-0.006288703419260799,0.061183256108799,-0.0018084603300314583,0.05320776164418996,0.007035724476733618,0.09406829457782141,-0.013954190178052328,0.08584373747646802,-0.01095202867021372,0.08321192084720999,-0.013040319809382916,0.0550509870325072,-0.0051954799370050875,0.13690528775883998,-0.02063961549924187
Latvia,Europe,0.16979145829801862,0.0,0.01381601222758154,0.0028055782294458265,0.2592385358347363,0.032101116189894974,0.22515176872855971,-0.020018764785692755,0.2559804569757729,-0.03680996363693978,0.093634734753017,0.008768811279168176,0.3077861255932418,-0.05606298684213229,0.17542061828876135,-0.011252208652324458,0.18710034525030056,-0.03844608640706482,0.2719239505913405,-0.033389568187565,0.35530550397057126,-0.03900368978306712,0.16859349954045852,-0.022854929451045947
Lebanon,Middle East,0.07348810929181371,-0.001588658648921104,0.04000917778367655,0.008596004910262467,0.05381846182120821,0.002222485360507509,0.19390422460550263,0.032972925495262206,0.12443697853321901,-0.0017545156905137693,0.11666777936771315,-0.00434980455605416,0.05165455263572273,0.01093716282218482,0.10032926234714404,0.01825190182080849,0.03591629834106316,0.0025427668833994943,0.12161831795195815,-0.009313108597865494,0.12948836171620912,0.04302556648075284,0.05690668930523023,-0.0013996459743879086
Lesotho,Africa,0.08204242972523523,-0.004159535972258044,0.02759165440600365,0.005374819150892218,0.22714459164839276,-0.0351996823757198,0.031262950686702866,-0.0049901767205309255,0.14892865095864316,0.022890217257583334,0.1087683212082265,0.02074372543657943,0.16077424985113142,-0.026253463298260504,0.06614378277661476,-0.013160770311338,0.1311703286461918,-0.019364570590882813,0.05737711422306967,-0.0028373654280661187,0.06562273432549827,-0.008903925895985432,0.06606432331259045,0.005790030310836469
Liberia,Africa,0.03919211565659004,-0.004164934031971379,0.036073339869395836,0.0006649006693357773,0.139520742420563,-0.024394802372360358,0.030550268564233405,-0.004097216466055653,0.057265026385240635,-0.008018221347520726,0.04049355055582033,-0.003405204252610039,0.049213842039553826,-0.013413603874889102,0.040621969293932546,0.0006502016534295496,0.05457675785517762,0.002404179210369062,0.04549503307635443,0.00287413207759335,0.07037864027071634,-0.013353243735106268,0.08071667318250407,-0.016780094049074212
Libya,Africa,0.2332746564603233,0.032672012237978665,0.11844886708750746,0.009643355708852885,0.13869147388892697,0.016793944718819453,0.2420821601531357,0.033295875619173465,0.11735722178705217,-0.0077099107356279895,0.20023112506186955,0.013212616554775902,0.1264205681914194,0.014627125596544888,0.23044868380276326,0.0344242065100584,0.05572541900380507,0.008159600050166693,0.09935323091406685,0.0,0.33665016461206926,0.07775517237849128,0.28693533790552134,0.03717897056372177
Lithuania,Europe,0.15743651981361037,0.005622226892775695,0.027848220350043053,0.0,0.1273680144421708,-0.01514943939354263,0.143598705548811,-0.011448350038014254,0.17099542514096122,-0.023099714398871374,0.1149218184737846,0.0010604739937163377,0.3534694167984592,-0.0697244405964309,0.11715135845595802,-0.006020284674101317,0.20457366679254144,-0.03844608640706482,0.2780699955994877,-0.026669237338737273,0.20483787931365566,-0.011000938176166541,0.12808310627418878,0.010782514247816843
Luxembourg,Europe,0.4025051049919557,-0.09569616059758845,0.04627395465259034,0.007853373665092755,0.2105326093312785,-0.054866632646270674,0.2765296871211244,0.011460268730543177,0.25157649027133994,-0.020322167964056947,0.21325968384275812,0.022007845525789715,0.6782336187808545,-0.1391787939095167,0.23836803439333382,-0.0423967193014263,0.18543312004452817,-0.023146259287987858,0.2294896615293045,0.00838063457729743,0.29714403517621996,0.027999362624229196,0.5532730890899278,-0.10356096439934093
Madagascar,Africa,0.0800719412249645,-0.004229940763505802,0.04595384465940805,0.00954629086147718,0.1788577950751895,-0.018221903423239816,0.038519483756952466,0.0016461852475906369,0.0895375640765042,0.017227545001187172,0.11699809463298406,0.010398343299709678,0.07298821993932901,0.010153787862381192,0.033292220352632296,0.004176909979570986,0.024182512637764407,0.0032109750707449702,0.05451174646275623,0.007635057976000725,0.1576970089370496,0.03244172283509861,0.14719072864960683,-0.025023166965419286
Malawi,Africa,0.08004592655862447,-0.015737414908709058,0.059847482967109594,0.01548427567844568,0.10903637768344393,-0.022149400720339774,0.0592631814139957,-0.0048638775461898875,0.04154084015328231,-0.007070648493930465,0.08226084325117887,-0.005257434512123016,0.09452082267556533,-0.003789186442721748,0.047601103832077045,-0.005460941788065776,0.14617989399969789,-0.026134827856982956,0.030629247911190923,0.0038035989884424026,0.06769125635717332,0.0,0.06812081814088929,0.004066650679529049
Malaysia,East and Southeast Asia,0.0840876345435411,-0.014942145853728994,0.07873865231865393,0.012559065014957627,0.09176546634078882,-0.007975798141679147,0.19083699293864345,-0.02095398098622958,0.21094593272664197,-0.0366246366097448,0.12452535784872827,0.009350741977601995,0.08654921816819815,0.005713307630468734,0.14865055527632884,-0.026096107121859502,0.06483095807069285,0.008453225112691864,0.12379556227704883,-0.014167021370035116,0.17257709666282142,-0.014472844653686479,0.2972628070758066,-0.05974766632657069
Maldives,South Asia,0.07333546974788484,-0.013597554461725725,0.04770820373149226,0.007388601735547784,0.11725316323598621,-0.022582349655594913,0.11247971187559411,-0.020977821687213072,0.24398069095341665,-0.03883360285480186,0.0987553406050494,-0.018406708851167908,0.0704998420046323,-0.00842315896477941,0.13338825070366253,-0.016960512657070548,0.042906869884083786,-0.006832732333551861,0.13647970709370236,-0.0265647142655554,0.22847457658335463,-0.0423967193014263,0.07156772900711163,-0.004302770909597187
Mali,Africa,0.21325899695381503,0.045577900255039605,0.21787341822751957,0.043343514321698695,0.1307250613005809,0.02069996187408485,0.05709233507022654,-0.0073355007337920775,0.046319342406520136,0.003367918372847889,0.05596275086207809,-0.002245781088206611,0.19176039502278944,0.037491965916616854,0.03321834691055967,0.0020190398438124646,0.19833800683163383,0.027871971919450678,0.033807096925448796,0.002042409823822977,0.253593406242893,0.04234137842891417,0.14965371794284843,0.020752654044192465
Malta,Europe,0.22338234977152274,-0.05565920916361111,0.07519341566475973,0.014044177685513581,0.17890624527483087,-0.03795105431990453,0.0731443337385846,-0.0018100808786517542,0.3270041961571288,-0.04108037331449099,0.09860680962767604,-0.016136089312620117,0.1217805105973952,-0.027086806642991124,0.2709050213392499,-0.03717488469737806,0.06611448041515829,0.0017622307171991647,0.18877428543922745,-0.0016653771605353862,0.20543910562999193,-0.039519042503969315,0.21835886960850182,-0.03607006307993876
Mauritania,Africa,0.0997742741915028,-0.016780094049074212,0.05308289540125275,0.0063665906570085085,0.06661833978852438,-0.006561783690089862,0.06688545780501406,-0.012484595041411639,0.05302783382208083,0.0016584841759834656,0.12608299562942896,0.007737324431215553,0.06508843380645137,0.005546439541507686,0.04275627059202664,0.0014185081663580235,0.06497828579092745,-0.00608709187628087,0.027668101816961055,-0.0026706846580127896,0.12933838311802678,0.020279548291825877,0.08774910184724487,-0.004551857829334982
Mauritius,Africa,0.38294401787886784,-0.07831035905913464,0.02865742777809568,0.0019306744637799245,0.12248740190483712,0.0212025250937542,0.12626301242166008,0.028518845260665948,0.29309384923421106,-0.03809977552285959,0.2585338147921097,0.044609752639329425,0.33125949623536094,-0.045762822324321495,0.15587156928080978,-0.021683533200201,0.07916928550051998,-0.015561684978693258,0.12722037359032232,0.0019306744637799245,0.31425477877641494,0.028033004753126534,0.23242808540882523,0.0220972867750171
Mexico,North America,0.12203508953668792,0.019271343281389797,0.06308929204052569,0.013465730252980146,0.06201255184334472,0.0,0.14755467974778563,-0.019597899175992417,0.17621561976404967,-0.02186272449165061,0.14151902734059948,-0.023159811620767745,0.05908926612892351,0.0038661179030186066,0.06358690209191716,0.00287413207759335,0.07724121654985149,0.00551669404644306,0.08970013124769716,-0.0025003755710472086,0.10692495955315238,0.014583735792827568,0.1518888810295109,-0.025450242499187925
Micronesia,Australia and Oceania,0.1801573526628815,-0.040432229392302066,0.01261321306953666,0.002275562932938513,0.10453980786557543,-0.018643095245142516,0.11806769015235268,0.01539564403234639,0.07970930419774307,-0.0026946237080178737,0.07197088183513632,0.002275562932938513,0.1663200458408644,-0.032009883871080946,0.08470388929190485,-0.00843581042082131,0.1307974398329881,0.017503403749521196,0.08945337154809577,-0.01755424769962377,0.10230543767351882,0.017141108522359394,0.09342526281471426,0.012764583349653913
Moldova,Europe,0.16968006913299627,-0.011734762798212506,0.04814033806643728,0.00810330972769413,0.0755513390522698,-0.013439254146894175,0.0937901580190774,-0.009286320968176498,0.24730172991786967,-0.04225590159544457,0.09874552186292403,0.0007310035234424639,0.14418793625801055,-0.02395803232747562,0.16244511230748307,-0.024394802372360358,0.19032705193283225,-0.03217375748857576,0.16699624831703402,-0.01514943939354263,0.18837602345254434,0.014468192682519865,0.07236741502463241,-0.005257434512123016
Mongolia,East and Southeast Asia,0.2060870162910945,-0.028003470883143367,0.04778166193805726,0.005622226892775695,0.1835306106607181,-0.03343292172535117,0.08408586256466188,0.007389707941821699,0.07733868701370357,-0.005385887890688834,0.2849251351423577,0.044609752639329425,0.20847651923844493,-0.025450242499187925,0.0670598390613865,-0.005811921683521515,0.19524088422647978,-0.027098019407924778,0.0859887247817585,-0.013040319809382916,0.328403668449299,0.05021473658191811,0.0523886738696649,-0.010667491864796208
Montenegro,Europe,0.08034013036539797,-0.011330419083022236,0.03504667010447557,0.005015203472146457,0.1598801101091725,0.029949508496633692,0.11000903566216617,0.023494469182475664,0.33268325229438167,-0.03579045998780994,0.26716200685595626,0.049308907203723384,0.07617383271681175,-0.008903925895985432,0.09439146377152544,0.003384917266825438,0.19527729759148826,-0.04029419181875049,0.2839320975402406,-0.01706594716565135,0.11505111348592145,-0.008095375042529773,0.12549750143295704,0.014549308207724154
Morocco,Africa,0.10498959769607973,-0.015418230966002477,0.06428564618193164,0.010782514247816843,0.11302118481714415,0.010925969116231116,0.10660649266835455,-0.007695881071364541,0.15993857521441154,-0.021949308315626914,0.0996877420557865,0.008005135355663606,0.059414594095681,-0.00951438610151134,0.10967793555825353,-0.006521327660775289,0.0801057882674975,-0.011734762798212506,0.16383554123799404,-0.022691390417173496,0.1363481862459683,-0.026134827856982956,0.13627219296440496,0.008255178341549874
Mozambique,Africa,0.07861530061836862,0.014287102184737499,0.0953704273446104,0.00802031775653167,0.14651293873249632,0.029691225955456035,0.047948579647211255,0.005622226892775695,0.10362979798023571,0.015358435151782812,0.0393513146195815,-0.00772117140394768,0.04806428288115267,-0.0024314636720017546,0.06886001713469797,0.011398850547279515,0.11401079265582696,0.004242710190580867,0.09213142128337765,0.01875325968632069,0.39032318935591986,0.08416141500118002,0.11068516034876692,0.015552898761765688
Myanmar,East and Southeast Asia,0.05752064580472952,0.0006502016534295496,0.03703456083888365,0.006952470848288872,0.04790634008905391,0.0044156798138099695,0.16066011103671332,0.004011168183852387,0.10397682561909508,-0.012239203510504004,0.07544679939099704,0.00287413207759335,0.056911555941737454,0.0006361384917465962,0.03524933919562043,0.006144699286604771,0.05870045282259312,-0.0030757299575786545,0.1316529916445541,-0.014026645607371546,0.04475431746437721,0.002618231159139839,0.17709557976589044,0.04419039744309572
Namibia,Africa,0.08336969214928443,-0.015737414908709058,0.033027200476681014,0.0,0.09738178204447465,-0.015737414908709058,0.07648948860871409,0.012559065014957627,0.07281190297189108,-0.008663438376487309,0.0887391663012671,-0.017751678000942794,0.18819354846623843,-0.021683533200201,0.047263943123840906,-0.004697327455581379,0.3071353842732733,-0.055428187073877755,0.089206982345369,0.020885577580923798,0.1344075276324891,-0.017971917805674864,0.1089781288366881,-0.015508089683340054
Nepal,South Asia,0.17132269807824535,-0.028553620308342853,0.034342606729084076,-0.0013210593290390316,0.033359841742633324,-0.0026113939261933616,0.17247396594247044,-0.029601596065625624,0.1908495705080443,-0.03192041599682127,0.05065764635769951,0.0009727847279181745,0.1153927313264453,-0.019347668539586804,0.0605751468813981,0.008005135355663606,0.12122274327346941,-0.02139859990817161,0.040474800392597945,-0.0028314017536491543,0.1324802642213672,0.018909127775669887,0.0819550147073523,-0.00745181274109985
Netherlands,Europe,0.28245051290786904,0.0351803742497514,0.3634762007597882,0.07464114806302469,0.1258192927374685,-0.02726858439711133,0.2566238807819213,-0.013040319809382916,0.33109207953308417,-0.04588497254871593,0.07833089531202696,-0.004892791633490323,0.34864615796944515,-0.07831035905913464,0.2651841567936863,0.0,0.2594414925085934,-0.06258036949582613,0.171060649088661,-0.010667491864796208,0.20816315435753138,-0.031010083008314204,0.4714000121720312,-0.09032948674199881
New Zealand,Australia and Oceania,0.18046521082960074,0.028033004753126534,0.1354936381192078,0.019989654407636115,0.21766285724066597,0.0,0.12955826319209646,-0.006402901267745786,0.29982459700096015,-0.02502180421798561,0.15654189774542906,-0.013040319809382916,0.3485303510164535,-0.03995331314520678,0.26085328109966466,0.005622226892775695,0.392854573038433,-0.06258036949582624,0.2777439860133472,0.005622226892775695,0.1861974749052537,0.010782514247816843,0.27047195827646114,-0.03995331314520678
Nicaragua,Central America and the Caribbean,0.07123697299460442,-0.008728482446039965,0.020882915255690065,0.0008347384940639024,0.05380009066494962,-0.00782401956775891,0.14274968776597244,-0.02028016326764437,0.07697029823320406,-0.017210012902840854,0.06024227475716287,0.001635427862179073,0.09638401619277673,0.013049115949673729,0.07218345360453911,-0.005998340579104977,0.15558729339048588,0.01627435165893698,0.1473542011368901,-0.01531471061795886,0.13010026835627606,-0.004431771326236178,0.08427285447362808,0.0049583176926735195
Niger,Africa,0.0882127413821688,0.012676616154381204,0.1376709392261438,0.028033004753126534,0.06241028155165171,-0.005797589598363073,0.12611533294704805,-0.019854751079590782,0.048145311597330875,0.004719496475954488,0.08556528701254218,0.005622226892775695,0.09366060661527432,-0.010520335382062207,0.032661959048078164,0.006564134532873522,0.08769858958298736,0.0017842575139013217,0.03847614950501869,-0.0032100375147117166,0.15679468855465736,0.03642705964613868,0.055158914153577376,0.003274163174881606
Nigeria,Africa,0.033837197186759246,-0.001292041460579374,0.025097353923293972,0.0038035989884424026,0.03904178731493803,-0.0033187284687047347,0.13437572522135474,0.02914322264126401,0.06323186644211745,-0.006178511404421272,0.0906167644901887,-0.013900056448645448,0.04679406540261399,-0.005460941788065776,0.029118443530863992,0.003446880210221215,0.06872293104987912,0.011338351392738755,0.05822993259039284,0.010782514247816843,0.12131499975070512,0.004796504189461537,0.06384504093712048,-0.0030650433209326033
North Korea,East and Southeast Asia,0.03517043119178158,-0.006728760682011559,0.0661142598995042,0.008255178341549874,0.13533574560800338,-0.02601014912760069,0.038780993483722895,-0.0051612683492653355,0.07979690243953855,-0.012239203510503893,0.12002996883005719,-0.025910589678034834,0.008117852127568315,0.0,0.059012466330842804,-0.010057916067208517,0.013605456291164143,-0.0006222833208164857,0.0639904881547182,-0.005371825367828209,0.18493402788611243,-0.036301680538228465,0.08129162919090686,0.010118392703712509
North Macedonia,Europe,0.10568401064532035,-0.023099714398871374,0.053617711383433506,0.00965365503924387,0.09912167480347667,-0.015970846407327488,0.04054734048530111,0.00287413207759335,0.19772573704920385,-0.03219322419517334,0.11727497002340097,-0.005257434512123016,0.15148418121247825,-0.02726858439711133,0.11751935615397734,-0.016780094049074212,0.24159598117408057,-0.04553302930173109,0.25479059553142014,-0.0178032423028468,0.20382664923072902,0.012507519549268764,0.0800326730665041,-0.014674466614694848
Norway,Europe,0.37008846015916785,0.019989654407636115,0.04927658121042126,0.005622226892775695,0.42589802427271617,0.06881767978862374,0.1841703494929964,-0.014674466614694848,0.29710480809311074,-0.020762311659783372,0.2717676729620852,-0.020762311659783372,0.3633632046620848,-0.05247262897373173,0.2199918777534361,0.0,0.4383074382909072,-0.0748046212731942,0.2706372813653377,-0.04384167504711378,0.23969310179194542,0.007389707941821699,0.40994859206887846,-0.03995331314520678
Oman,Middle East,0.23442631332457115,-0.04761045172614842,0.038627465297059134,-0.007491408553329859,0.11157739274331901,-0.00199222180861236,0.09184380052536618,0.013552279762584885,0.26279175203995353,0.0431300641247947,0.29081041786722,0.019989654407636115,0.06354234051298988,0.007885717576382456,0.16059912301732976,-0.007113452709811563,0.06275042808837197,0.0017842575139013217,0.18011883104737988,0.044609752639329425,0.27999260809544146,0.028033004753126534,0.2513451455248481,0.0431300641247947
Pakistan,South Asia,0.0796105016755469,-0.010539720599892943,0.02912525274103939,0.001279640785795788,0.045470788701165804,0.002677836314374238,0.07773445711262661,-0.00257330821361601,0.19688875334223224,-0.03449773167951331,0.10569003260008951,-0.019455667550283717,0.074265872009462,-0.00811898877359829,0.04594437225523103,0.0,0.08304181938889404,-0.0073355007337920775,0.05236400586531676,-0.006669359577594514,0.06872240399758682,-0.011804256178037154,0.05369792436228776,-0.006037463722190606
Palestine,Middle East,0.16039014932345444,0.14746096520390028,0.019682395540555474,-0.01699840547867848,0.07530655685082073,0.07703296142690075,0.061544952553208826,-0.05887605188567968,0.011703045997086967,0.0,0.006536040783278759,0.005665767719890136,0.01946124502886372,0.016902605508958723,0.06039867548216605,0.023532631438317964,0.012987012987012998,-0.006514727329596015,0.018041636594314268,-0.011834736374884414,0.028394275533916002,0.0,0.0,0.0
Panama,Central America and the Caribbean,0.05299816244729489,-0.008297765267570312,0.12169181548877231,-0.006178511404421161,0.11200635985841281,0.01903009530178079,0.2879509262005507,-0.028280818225210336,0.084013257668954,-0.013040319809382916,0.10009028084261362,-0.019138261449144545,0.19380922816368992,-0.016387902720897962,0.07849741750899043,-0.009869952217766209,0.08746843150829596,-0.005105240031661129,0.1573974035202144,-0.016484210196344273,0.18416381802035367,-0.004697327455581379,0.26807374263553996,-0.04588497254871593
Papua New Guinea,East and Southeast Asia,0.041356476201198616,-0.00434980455605416,0.021809430962484434,0.0034168392882849563,0.1643244291356933,-0.0332786165418526,0.0654962329016348,-0.0017036962868381966,0.02994904722245822,-0.005460941788065776,0.07948659348851733,-0.017751678000942794,0.10928641051943466,-0.01828127718743955,0.06166329557531146,0.00953149977108425,0.06902566476314888,0.005534006661821911,0.02890203655641409,-0.004575473509625727,0.15208940681005698,0.040378895098609036,0.0828280572347194,-0.01531471061795886
Paraguay,South America,0.11848458375021122,0.014002349511784029,0.016945821799539813,0.0023097641785663203,0.11625703720412635,-0.016161321708658805,0.12205454461705895,-0.017367096030742712,0.07370509220499863,-0.004892791633490323,0.08601131783782828,-0.014261849496002621,0.08654687673579689,-0.013040319809382916,0.06778627173831991,-0.01032610631101305,0.13435113272897306,-0.026134827856982956,0.08689341156606309,0.007737324431215553,0.29277846047760625,0.03954088051796578,0.09172519239218876,-0.018558208244683683
Peru,South America,0.08481515344914432,-0.016780094049074212,0.06072370735028367,0.009939478888114195,0.0845507539308289,0.007885717576382456,0.19903520827081733,-0.00938757954620495,0.09657520148531783,-0.014881816484374588,0.08286603919697959,-0.015773702425933678,0.04168677898472345,0.004182353257386806,0.058855330902582555,0.006952470848288872,0.18846808260580006,-0.01032610631101305,0.125001652149459,0.00923924843539825,0.0717126041350922,-0.001292041460579374,0.32028421100536125,-0.05832693764161878
Philippines,East and Southeast Asia,0.0985340915430185,0.015552898761765688,0.029627379099995008,0.006216922732423802,0.062281938241264094,-0.003356613572326972,0.08688122165317703,-0.010887490459943083,0.17097306975346566,-0.027116190226884385,0.10767123281354807,-0.008856487600261254,0.0714397257767475,-0.008038173914817315,0.06261520615585639,0.004719496475954488,0.09175456448820661,0.012227936676804774,0.05002470813581315,0.007140230182805629,0.09629401548037032,0.003128992480720072,0.07813900831312802,-0.014315512636109307
Poland,Europe,0.13236461488564022,-0.006178511404421161,0.10675450198154227,0.019989654407636115,0.2453445679365098,0.0265998063457753,0.11277003920103697,-0.010397403336945277,0.29465430057641734,-0.038763620397762155,0.15529916819849987,-0.02013257056346829,0.10517050247215876,-0.007428255798946681,0.2347322942023645,-0.02095398098622958,0.1510008772218202,0.013552279762584885,0.23960752222307707,-0.01601373844805909,0.2366610597240343,0.036643744586694726,0.17049906871682322,-0.020762311659783372
Portugal,Europe,0.4283410287581643,-0.06837222737362458,0.30590782847097003,0.03469528248258702,0.2794369372275989,-0.07214548755715433,0.12770025856024358,0.003101489903251764,0.2618981680750875,-0.029601596065625624,0.15523198173858152,0.026114872332895445,0.3200999508262115,-0.036301680538228465,0.21405116344341055,-0.019902183585592148,0.41469299729008924,-0.04918735944483421,0.2916177580806155,-0.013040319809382916,0.21645137999934536,0.019989654407636115,0.11206828258044886,-0.019597899175992306
Qatar,Middle East,0.2674599019834096,-0.05565920916361111,0.01512009315066906,0.00387470004810897,0.18099161303474723,-0.0423967193014263,0.4566467833488654,-0.08914386501904181,0.051044692406411143,0.0062123988150835086,0.3080464389602887,-0.07142254214817789,0.04545615543890442,-0.005585104902572358,0.2632127750962826,-0.007633361908953029,0.11669158741621488,0.009872513844730424,0.16847767349369752,-0.0314223283673708,0.3284469539335135,-0.06167658642623508,0.33031988808240653,0.013490807646524328
Romania,Europe,0.24664080642456992,-0.03529780199251564,0.08614373151396185,0.019570162819791737,0.0949648966517108,0.0,0.135360107165257,-0.022602874086951386,0.19950121945685478,-0.023568704168698162,0.08931905336231012,0.0010604739937163377,0.10005952296609835,-0.019971102644218752,0.14410576343653972,-0.0034217153744363626,0.11085215306867581,-0.009229435704199762,0.265487880754859,-0.02139859990817161,0.2025319066152238,0.0014903923550022569,0.1824405861001736,-0.013040319809382916
Russia,Central Asia,0.09977024386807085,0.0059797189924613026,0.03719649868084062,-0.00405018001223012,0.07069279054939676,-0.0014881743912666945,0.2091862425209673,0.04405380966142114,0.17400571087062106,-0.02502180421798561,0.25234720684858314,-0.03382263946424702,0.04619231484800095,0.006144699286604771,0.20407116136731546,-0.03599437802837635,0.04927353922681277,0.001279640785795788,0.20755582019458169,-0.029601596065625624,0.12018168553202879,-0.023568704168698162,0.18675157914774784,0.032101116189894974
Rwanda,Africa,0.10150499099978877,0.0023097641785663203,0.03035947167971229,-0.006251538196792916,0.06072294254470338,0.0,0.09420213953296847,-0.013040319809382916,0.051792836231235505,0.004719496475954488,0.07066229835365526,-0.017252117738879247,0.09753992806077844,-0.015248168828710384,0.05152891186673685,-0.0017287325590652491,0.09456838959418125,-0.0126644770391946,0.09144999097770296,-0.0161742845225038,0.06198885839788461,0.00247153151083368,0.10222574212233178,-0.01032610631101305
Samoa,Australia and Oceania,0.18555851360475167,-0.0380793874499632,0.026274076063438043,-0.0035660274327704578,0.06945800214878049,0.001238430428430748,0.06347961502908503,0.005701930613529749,0.23133188508180066,-0.04075548022100084,0.07977887572311279,0.014841706196183857,0.15610656844301932,-0.030228725275596946,0.051998814403826484,0.002607938295158041,0.1031104905812504,-0.015764059409580033,0.13271302316388056,-0.022820586326638748,0.15261873807156204,-0.005126694552915034,0.07694575957815657,0.009033948232086475
Sao Tome and Principe,Africa,0.10626397596235207,-0.021446124111337173,0.02279684283672985,0.004108245956202294,0.07800380486090931,-0.012061421722967203,0.06916463936116264,0.00287820367519509,0.04158883151873091,0.005880897177692246,0.06584983760820344,-0.0008499918056183997,0.20366157133253174,-0.03998328200030854,0.12494993431791881,-0.012718083641422684,0.26164291610790225,-0.04830900332151744,0.08439276445659656,-0.00842315896477941,0.08084864149028695,0.005015203472146457,0.09353273181689832,0.008257428400440414
Saudi Arabia,Middle East,0.13082477132187523,-0.024683386649618,0.04280210030085658,0.007389707941821699,0.08074778908731702,0.01090782826803638,0.22981495234774224,0.0351803742497514,0.17555545512687146,-0.021949308315626914,0.09820714331991977,-0.01514943939354263,0.04512849646074412,-0.006561783690089862,0.10297056986933502,-0.004459784726939309,0.03430255570717007,-0.0028314017536492653,0.12589534695563276,-0.019405964367350093,0.2231010895254927,-0.044192045661564316,0.1784367525073474,-0.0349008852607432
Senegal,Africa,0.09966324925229762,-0.011734762798212506,0.23417964478549125,0.041616010650583846,0.08987470460408324,-0.002304441462225415,0.0979014597503511,0.021777530889532937,0.045882728016491105,-0.00448245185416285,0.15338440427326547,0.019126704167452768,0.18604302337441295,-0.026096107121859502,0.05345428405695215,0.011540232494743341,0.10840369998564217,-0.015508089683340054,0.061498181808640556,0.004986354695699635,0.15029945952263515,0.017758360673184148,0.08755918866475071,-0.006771842743320544
Serbia,Europe,0.152873090545588,-0.029601596065625624,0.029481755929864222,0.0,0.053824033472294995,-0.005726977369398645,0.04643291130872557,-0.003729112216074082,0.24183667045065468,-0.03586042450922722,0.07385076185312635,0.005131437250532445,0.14198448945876163,-0.019302863295351025,0.12351793540396015,-0.014509087930655307,0.18623107141289286,-0.02408370301709406,0.17626586652795892,-0.019194522881747722,0.0999819714597207,-0.013040319809382916,0.049571645810013915,-0.0032188223593303533
Seychelles,Africa,0.07296294427292982,-0.010932962610418873,0.04548552895755711,-0.006873025548246647,0.10225482457731945,-0.021256547342671017,0.1463445840402678,-0.0032006977101884937,0.10449087139970911,-0.016353222117805877,0.08590561869627102,0.007537282876129314,0.2194583761373241,-0.0496084647591557,0.2513847955088095,-0.03291597008661218,0.20003228823513428,-0.02322915240099155,0.16433060656263193,-0.030550898475659838,0.2754826714066241,-0.04737414487371938,0.04473112134084095,0.0009263716790059995
Sierra Leone,Africa,0.2125440720079134,-0.0383610909068528,0.012329550317407297,0.0007593119453468411,0.08581965007453941,-0.015970846407327488,0.02818206846232124,-0.003356613572326972,0.04315465916785087,-0.00869258761881131,0.06459264733200279,-0.014026645607371546,0.1222102335177811,-0.0217996676728609,0.04246814478590936,0.004263218333046215,0.12884092906413797,-0.013040319809382916,0.03154570282508283,-0.0006959023150588939,0.046283077515256295,-0.003838658105458026,0.08479148816445879,-0.021325960245946796
Singapore,East and Southeast Asia,0.37709067187839007,-0.05247262897373173,0.008062126039988883,0.0,0.15033675227503784,-0.00405018001223012,0.3848428705360548,-0.06782128970969337,0.14561137707992106,0.01825190182080849,0.22342284134712606,-0.04800077688530302,0.06359102962496009,0.003274163174881606,0.271884438328427,0.0,0.0815328762321545,0.01489301364623885,0.1257060185811121,0.013212616554775902,0.30494028291735104,-0.03995331314520678,0.5156098433516689,-0.1117692419599644
Slovakia,Europe,0.2420743055846196,-0.029601596065625624,0.11834070046774836,0.00953149977108425,0.15320813814111017,0.013212616554775902,0.10365569165146513,-0.005460941788065776,0.3462251489100405,-0.061738107335342796,0.13273968697306682,-0.018558208244683683,0.08241527814518206,-0.010057916067208517,0.23820197486344874,-0.029160704102696555,0.2471860242091841,-0.03995331314520678,0.3122293398967654,-0.0317535097156455,0.28411731671191626,0.03629831089539137,0.24643005280469044,-0.03719401216653018
Slovenia,Europe,0.524543796594703,-0.12667383761715667,0.21730868694411856,0.030504580330727338,0.12545232092325262,-0.009026699555267914,0.11289796774831483,0.0,0.27613579608361827,-0.04098899115555954,0.0864458575096657,0.0016584841759834656,0.2178108377620511,-0.04746473720912081,0.31769648228010916,-0.021949308315626914,0.4267693756768286,-0.05556486371801039,0.27748085685978957,-0.006178511404421161,0.4454524746138428,0.032884802896223864,0.3234737188736776,0.005622226892775695
Solomon Islands,Australia and Oceania,0.12167071358417769,-0.026625521672024033,0.03583176821634165,-0.0007140384421119306,0.12198010069562236,-0.023146259287987858,0.07054057820629034,-0.013849670452788954,0.05199601355913272,-0.001581111722765871,0.11999290312760516,0.009148582987729803,0.1346888766919601,-0.01952664092082501,0.036842513577617836,-0.003781869513612701,0.20439516797881624,-0.03522708485904513,0.059707200846485085,-0.011185186613799192,0.06718143145878591,0.0025546321836382724,0.05823353055861042,0.006606761222530677
Somalia,Africa,0.02615194945841011,-0.0030127052790058784,0.007695300891445159,0.0011891009686981757,0.05853286439318815,0.004946398175628808,0.033249860236777375,0.006564134532873522,0.08546049834870273,0.011439726709838505,0.0742707030808294,0.012182554445169469,0.040852388413537444,-0.0023984129957068667,0.03618876662883554,-0.0011876886869299774,0.04387774859587484,-0.0031753725871714877,0.030217363251224396,0.006216922732424024,0.05847743465104503,0.006216922732424024,0.04333349177963848,0.004020309852372117
South Africa,Africa,0.22771616229384564,0.03978847901640692,0.1527393514007247,0.031705673755738184,0.10182174547404078,0.01706647103818071,0.29258379978101057,0.0796867820256395,0.08471064742238248,-0.008663438376487309,0.125595818894936,0.006952470848288872,0.13619884625659354,0.023645928596138344,0.0943237888906911,0.009951265129853892,0.05479800773745272,0.010782514247816843,0.08346229574986981,0.002250835973067522,0.19007806550100612,-0.021619553305673778,0.14003068077905692,0.026114872332895445
South Korea,East and Southeast Asia,0.2640393447937798,0.024137596028845465,0.09237263766517358,0.015552898761765688,0.17327230045763706,-0.013040319809382916,0.2052885808955354,0.028033004753126534,0.1445625287818908,0.00668866311189853,0.1815265422707247,-0.027896024387602858,0.15860349608743243,-0.028155321703095426,0.19309014303872202,0.028033004753126534,0.07710932923448986,0.009711741205118862,0.20669829903977352,-0.02726858439711133,0.4232431257797233,-0.07578472753423948,0.16142293856449974,-0.03529780199251564
South Sudan,Africa,0.01966339772627509,0.0018570741968830795,0.031360495505447686,-0.007551489411903978,0.06123108743636321,-0.01361760181759697,0.08262994678310241,0.015010437729937376,0.016717311707124514,-0.0020877737644462435,0.028108418210857564,0.001410465275071715,0.03403139751799111,0.006759833607700383,0.018672684530191816,0.001895802666142865,0.049914618880763,-0.005067160082762423,0.050025653575314216,0.0131672234236615,0.009041037362796867,0.0009140844165196338,0.03566669169115869,-0.007551489411903978
Spain,Europe,0.2258743707927765,-0.00782401956775891,0.09288152213106209,0.01130193301380955,0.07519805608189366,0.01362232807597974,0.14984283961197556,0.018411853518074617,0.21790160153163346,-0.020762311659783372,0.3210812097408623,-0.023568704168698162,0.6000923289995463,0.08808224323087144,0.20586839547808952,0.03954088051796578,0.30106550711604196,-0.027664488053437464,0.2856370247677758,0.0018117367841339327,0.16655335192107315,0.003185487697482836,0.1326080227112057,-0.02502180421798561
Sri Lanka,South Asia,0.11027330245122555,-0.013040319809382916,0.024372706291272073,0.001308098155295534,0.050512979921272044,-0.004697327455581379,0.11556493908184548,0.02235138670110315,0.13338613614631642,-0.016780094049074212,0.058399579441012234,0.007441712989179727,0.12887582201697456,-0.004245120457684992,0.14515715144249472,-0.009026699555267914,0.05866332904129392,0.009108923067066454,0.1004479682044219,-0.006178511404421161,0.09383988960975802,-0.012687328854582569,0.08320946257670439,0.011540232494743341
Sudan,Africa,0.07208868283309913,-0.009724576386122563,0.028628339039326343,0.0031513483231224715,0.02316595011578813,-0.002474080602256734,0.1057155446243109,0.012734006236510442,0.08180366487957982,-0.00464431814900379,0.05858048325999663,-0.011310339516771073,0.031991104065049306,-0.0006222833208164857,0.04086225484932022,-0.005837576826332347,0.03946928902325118,-0.00370950868806319,0.03564306416200258,-0.005105240031661129,0.0212163198114444,-0.0006093899544469261,0.062238132222954344,-0.011144396192017902
Suriname,South America,0.1759388562389889,-0.036852167280425174,0.03316327428558922,0.008070982295553364,0.058746915855602926,0.008638433895959308,0.0724931019888068,0.006879739753814285,0.1706397037500613,-0.034919067110292246,0.09627708244518818,-0.010051724781300786,0.20163058623110713,-0.028947968675064772,0.06761591005457585,-0.0026011546443495126,0.13997630602351607,-0.021892540659991466,0.10164254871815422,-0.01583249547186083,0.14669437296748086,-0.025023166965419286,0.11149306418085653,-0.022184295860267156
Sweden,Europe,0.3358923039677638,0.044609752639329425,0.20071913796110324,0.0351803742497514,0.26698666987956976,0.05021473658191811,0.19436822593987968,0.004719496475954488,0.1597535874597164,0.008255178341549874,0.3543087328769681,-0.06837222737362458,0.24999405462609461,-0.03995331314520678,0.2537037292938146,0.0,0.24973836473784333,0.0,0.23348820342737692,0.0,0.3208448539805005,0.023329266972857754,0.3932772226462342,-0.03995331314520678
Switzerland,Europe,0.18984027293095715,0.019989654407636115,0.0,0.0,0.1939049674186145,0.00287413207759335,0.18642684901853002,0.01706647103818071,0.15739500787622565,-0.0023984129957068667,0.23108757045610848,-0.03995331314520678,0.32193075416253497,-0.06837222737362458,0.21495403727616647,0.028033004753126534,0.3358657972143845,-0.0748046212731942,0.29124730680516536,-0.013040319809382916,0.28777774369296644,0.045577900255039605,0.42011831638230673,-0.05247262897373173
Syria,Middle East,0.12072794324505057,0.01337135276241419,0.11843695065827511,0.019747749739908116,0.08639524740749614,0.007607193009759428,0.16522723885467425,0.023203997094656037,0.07664715165297602,-0.018315436996456547,0.12022949021801735,0.009605779193564867,0.06479625972165952,0.006216922732424024,0.219614816001796,0.029392893838778855,0.05812581604148845,0.0006502016534295496,0.14563626493661982,0.0032741631748813838,0.079635812813109,0.014705884699653726,0.2201585546724137,0.028518845260665948
Tajikistan,Central Asia,0.11416830317453328,-0.018078985878327458,0.015851441053582563,-0.0020620662970655124,0.05416925437035761,0.004572671982097765,0.08962994304038498,-0.01032610631101305,0.2187883498813679,-0.03142875242375698,0.05837733106393665,-0.010846816368747958,0.018089583409085973,0.0032203750393995367,0.16238738468308803,-0.027116190226884385,0.03795287636825319,0.0,0.052889975580661226,0.0,0.2131471027443842,-0.03195298385587253,0.11631525068511649,-0.014261849496002732
Tanzania,Africa,0.059815104094419126,-0.015508089683340054,0.05787781961094308,0.013212616554775902,0.10607986967288474,-0.008382367076814168,0.0840503557536378,-0.007113452709811563,0.05440160557230132,0.002471531510833902,0.09637517026483244,0.0038035989884424026,0.07197321658857318,0.00351907361009407,0.04565375914053544,0.004368808017071402,0.03728449098456784,-0.00405018001223012,0.06551646188474859,0.012182554445169469,0.11247731338922763,-0.01909114087877184,0.061471610035108946,-0.009026699555267914
Thailand,East and Southeast Asia,0.08831069306337481,0.009605779193564867,0.09529187533313305,0.01768663905279433,0.06206006935383704,-0.00772117140394768,0.1435004031113227,0.033466386601162634,0.20818412329342637,-0.03219322419517334,0.09356113264139147,-0.008801170531111402,0.07620273386861459,0.005780194662551086,0.16236264875914616,-0.03120832173385446,0.08297851382734518,0.010015597339769977,0.09766012459124561,-0.012080220505422568,0.09445988668039029,-0.008856487600261254,0.3038090671882276,-0.06698373646359446
Timor-Leste,East and Southeast Asia,0.14884074819786566,-0.029218268920131685,0.02207567208444273,-0.0036493378395753284,0.11875175237031149,-0.021677642612634607,0.054856799815886544,-0.011185186613799303,0.0563767675998987,-0.0060348309377410425,0.12201715869144787,0.013804592244117675,0.20841395156153164,-0.04053413222250246,0.06015029809772701,-0.005782077414065112,0.18333495089538251,-0.02636155529933637,0.04988280395414737,0.004476173518507709,0.18521427803779308,-0.02466570422755343,0.04257268341671897,-0.005939179168058639
Togo,Africa,0.08713036276663423,-0.019455667550283717,0.014213010978701299,-0.001526803036919322,0.1156640302266426,0.005622226892775695,0.08606944868492782,-0.00782401956775891,0.044402049454307264,0.004537382956147029,0.05293689357028463,0.0,0.050458174418099765,-0.00791992833556443,0.021852937574289875,0.0,0.07235844569914691,-0.013761263800500245,0.04179850519857175,0.0032741631748813838,0.09036982953606,-0.0010225205581491092,0.08926890393666924,-0.013693653920095916
Trinidad and Tobago,Central America and the Caribbean,0.09214390218693051,0.015583181786730238,0.013380333478520993,-0.0011056119289780675,0.16377814844304894,-0.026205710725548115,0.06801205152519793,0.0016247864376530696,0.2192446333240487,-0.03344671222211171,0.06609259626293318,0.0037962263462985035,0.23214613498610007,-0.037018365855478685,0.13424076216059927,-0.01852887104829004,0.18257829502719922,-0.026738278666627036,0.1569544648782289,-0.022491054810112487,0.13677189253818775,-0.02582994481008416,0.22714456212404582,-0.03031090581224527
Tunisia,Africa,0.10450934237760713,0.008255178341549874,0.110089637224746,0.013212616554775902,0.1676944800839148,0.019126704167452768,0.21802569271860084,0.0480916569056542,0.20003085496269818,-0.0349008852607432,0.06644204339972715,0.00668866311189853,0.09805461300738613,-0.007695881071364541,0.13864374327625187,-0.01807898587832757,0.14595539939563035,-0.01807898587832757,0.16279906627495033,-0.016442796387823533,0.13419234570813288,-0.012638461663472267,0.2681753914374517,0.02546253614181171
Turkey,Middle East,0.0729123667607033,0.0018117367841339327,0.09647217341631939,0.014410509833176599,0.1077591222263864,0.015615816362429369,0.12579283067921115,0.031093276502859757,0.20200415298484367,-0.01544956212886528,0.12338761689401632,-0.01755612768116377,0.10370897102122434,0.010619852010523623,0.0902783040611383,-0.010057916067208517,0.1930511460428557,0.028033004753126534,0.14786349347191094,-0.02726858439711133,0.1626665095761445,0.017554978291263623,0.06813922925333073,0.00287413207759335
Turkmenistan,Central Asia,0.18612365403388353,-0.03671995426975683,0.015764690956178617,-0.0014881743912666945,0.09139205563108979,0.0011211100316426137,0.17941281359720695,-0.026134827856982956,0.08327532442925654,-0.014674466614694848,0.09340406090515901,-0.022149400720339774,0.05650350899254054,0.004368808017071402,0.18825506161151181,-0.03258061403314161,0.05088816283797039,-0.01127038115686163,0.11779943112611078,-0.013040319809382916,0.1971106798990178,-0.03480206288130605,0.2849786839945021,-0.05484180326514443
Uganda,Africa,0.09361006412626406,-0.017464319057837407,0.0460360324767399,0.007035724476733618,0.047072644437816495,-0.001526803036919211,0.1007150817273023,-0.009286320968176498,0.08075946836344551,-0.007428255798946792,0.08611494545769507,0.003997533396891795,0.03308373239380989,0.0014535620216371559,0.03625461043988238,0.0,0.03763483836770684,-0.006178511404421272,0.03763895056940111,0.008255178341549874,0.04410766053688361,-0.001948229574426974,0.0491038330384603,-0.001588658648921104
Ukraine,Europe,0.38037902287046704,0.07339006992124619,0.01510050435217058,0.0038035989884424026,0.07738906687921619,-0.003356613572326972,0.15149884604118657,0.038119708212080994,0.26667143360083534,-0.020762311659783372,0.17189165292495112,0.010118392703712509,0.08066466051116179,-0.005257434512123016,0.20146605943100676,0.016793944718819453,0.09515511706700075,0.016557425699213146,0.23131674801451307,0.002471531510833902,0.38311663099006343,0.05856763590149061,0.15784406059703993,0.0212025250937542
United Arab Emirates,Middle East,0.15274436312733028,0.005701930613529749,0.03749808292505013,0.0,0.23088514359657009,-0.036675361677423246,0.27243487051499277,-0.029888473660685366,0.2605193111972223,-0.031811551190755405,0.18311066097535095,-0.03478047568991616,0.029813963289721683,-0.005585104902572358,0.2835859043647508,-0.04095338927370484,0.11210853901182138,0.006812716753290982,0.1466511386744262,-0.02723675095746536,0.27802165983434196,-0.057320428061756745,0.33618178430879664,-0.0486818511574888
United Kingdom,Europe,0.13244247661929595,0.008768811279168176,0.2882559211270917,0.039540880517966004,0.16071379739890318,0.011765788040923653,0.3381235147078682,0.09929912581037947,0.12941625840398274,-0.01755612768116377,0.11193271503650243,0.010782514247816843,0.30818964331694304,0.021681291109137968,0.19503262916614006,0.021866512664056703,0.1636586536277341,0.017809950212084757,0.214652509445641,-0.0017036962868381966,0.27664369859525373,-0.028155321703095426,0.2751918743516555,-0.02502180421798561
United States,North America,0.4608819029541176,0.09530524693816611,0.43596495406909785,0.09755271474640947,0.28498266186104504,0.046531913742146935,0.27899828013931355,0.019989654407636115,0.1721273463928267,-0.023568704168698162,0.27475029046829236,0.031705673755738184,0.2488778363685049,0.03098770738891221,0.2944879055831522,0.04747221219760944,0.13832033764332172,-0.01020366733325584,0.24175427594579418,0.0023097641785663203,0.4050606732042087,-0.05730998363938966,0.2153391481747556,0.0
Uruguay,South America,0.12180232356693081,0.010782514247816843,0.061053374204106885,0.004537382956147029,0.1348643795074983,0.008255178341549874,0.08788313154416091,0.009350741977601995,0.17659502307436198,-0.024145796062319147,0.19573935327448297,-0.03285884851883625,0.6151187817793347,-0.1117692419599644,0.12523408505338113,-0.013040319809382916,0.1405509133996392,0.021681291109137968,0.16526057298040883,-0.02243063527334055,0.27401795339173235,0.0351803742497514,0.19587306964473375,-0.020540312363458324
Uzbekistan,Central Asia,0.1488286746007173,-0.028155321703095426,0.01814435338059795,-0.0019699800981515247,0.09846808716316298,-0.019138261449144545,0.12707363778005965,-0.018455202151988148,0.1570059169215357,-0.024641736709145934,0.12604505874127872,-0.025910589678034834,0.039813796223083925,-0.0019269541426240044,0.18274304233959496,-0.03238265611252833,0.08475829637484607,-0.01414257326922097,0.200835900235813,-0.033690304469654486,0.12108528207826398,-0.024567125242305865,0.21938601699626414,-0.04158894112079259
Venezuela,South America,0.05333341629164915,-0.006613065864353951,0.09710372879181595,0.01498381557954942,0.04806080145744768,-0.003559803048520438,0.28506336415763384,0.05154417341765738,0.07680579810759144,-0.008663438376487309,0.09491862575298646,-0.00434980455605416,0.11099797709335595,0.014627125596544888,0.13923174823327636,0.010070687100294462,0.0832394139849404,0.00575996455605976,0.10884955632017201,-0.008382367076814168,0.12523534115179552,0.017994469927998802,0.08188753479593597,-0.0030127052790058784
Vietnam,East and Southeast Asia,0.22722681695022987,-0.04384167504711378,0.008292892300948283,-0.000846038228382362,0.07678455189425983,-0.005811921683521515,0.19570594455699267,-0.02565532473685206,0.20297148952958927,-0.03307513887162905,0.09808735307816902,-0.023159811620767745,0.06626091693538574,0.007885717576382456,0.19494347784903734,-0.03195298385587253,0.03936134411441723,0.004066650679529049,0.12996076678390361,-0.026942491859807904,0.1343119624978174,-0.029601596065625624,0.14081803564707787,-0.027074928744950877
Yemen,Middle East,0.06996804986310183,-0.0026706846580127896,0.04005341309672877,0.0030531849073098805,0.10035245888407637,0.013552279762584885,0.08707581222534716,0.014122977955026705,0.04734503614206085,-0.007639015501328061,0.054384266504732166,-0.014472844653686479,0.07402267250119526,0.0063513000499186845,0.07160368616339464,0.00931541169752026,0.11514987990821837,0.01706647103818071,0.0676431351078991,0.012288976779621708,0.11922444941036946,0.021381589319352523,0.12252806611348863,0.012090176717981516
Zambia,Africa,0.10011567807778846,-0.02502180421798561,0.04624679870448326,0.004368808017071402,0.06422753670029886,0.007456706466354879,0.04476434672867809,0.004479763507811763,0.10736823662785118,0.013049115949673729,0.06925269719630109,-0.0036145044247295477,0.045758377581278514,-0.006613065864354062,0.031200930945385588,0.002222485360507509,0.10291694857604428,0.015235190241646102,0.02338716931822027,0.001265871435080168,0.13041596524487833,-0.003489393190100998,0.06147176025779043,0.000956958820935716
Zimbabwe,Africa,0.06589522084055324,-0.0065945121028917475,0.04177992879347102,0.009605779193564867,0.15458363919212503,-0.02124828857199923,0.07448691317604543,-0.00370950868806319,0.08433936672824105,-0.00966357817159258,0.12497290737858639,-0.013851977462794207,0.03302427031671206,0.0,0.04439580762760706,-0.004492237060631066,0.07726598525869711,-0.011531122525354487,0.04047566713014815,-0.006379730774025871,0.04466213812835799,-0.009245409433671359,0.049202556757247655,-0.010377194167557668
